Index,Memo No,Usage,District,PRN No,Occupation Date,Building Name,Address,PASP,Ins. Date,Floor,Unit,Area,Area(N)(ft2),Headroom,View,Price(M)($),Price($),$/ft2(N)($),D.Date,Nature,Bldg Remarks,Trans Remark,Unit Rate,,Time Index,Time,,,Age,Area,Location,Headroom,Floor,View,,Total,Adj Unit Rate,,Diff
﻿C2,21110400170019 ,RES ,HK-A,D2918955 ,06/10/2016,H BONAIRE  ,AP LEI CHAU MAIN ST 68 ,01/10/2021,15/10/2021,21,D,52.7,567,3.15,Sea,11.3,11300000 ,19929,4/11/2021,ASP,INCL BAL22; U PTM16 ,?,214290,,381.2,,,,,,,,,,,,214290
C2,20103001700065 ,RES ,HK-A,D2919219 ,06/10/2016,H BONAIRE  ,AP LEI CHAU MAIN ST 68 ,28/09/2020,12/10/2020,29,B,29.8,321,3.15,Sea,7.28,7280000 ,22679,30/10/2020,ASP,INCL BAL22; U PTM16 ,?,243860,,425.2,= Z2 / Z3 - 1,,,= 0 * 0.000000,= (M2- M3) *0.000000,nan,= (O2- O3) *0.000000,,nan,,= AA3+AD3+AE3+AF3+AG3+AH3,= X3 * (AK3+ 1),= (AL2- AL3) / AL3,= AM3/ (K2- K3)
C2,20102101630125 ,RES ,HK-A,D2919219 ,06/10/2016,H BONAIRE  ,AP LEI CHAU MAIN ST 68 ,28/09/2020,28/9/2020,29,B,29.8,321,3.15,Sea,7.28,7280000 ,22679,21/10/2020,P-ASP,INCL BAL22; U PTM16 ,?,243860,,425.2,= Z2 / Z4 - 1,,,= 0 * 0.000000,= (M2- M4) *0.000000,nan,= (O2- O4) *0.000000,,nan,,= AA4+AD4+AE4+AF4+AG4+AH4,= X4 * (AK4+ 1),= (AL2- AL4) / AL4,= AM4/ (K2- K4)

C2,21081201820040 ,RES ,HK-A,D2918581 ,06/10/2016,H BONAIRE  ,AP LEI CHAU MAIN ST 68 ,02/07/2021,16/7/2021,10,C,41.7,449,3.15,Sea,9.98,9980000 ,22227,12/8/2021,ASP,INCL BAL22; U PTM16 ,?,239000,,385.6,,,,,,,,,,,,239000
C2,21061700860093 ,RES ,HK-A,D2919148 ,06/10/2016,H BONAIRE  ,AP LEI CHAU MAIN ST 68 ,05/05/2021,20/5/2021,27,C,41.7,449,3.15,Sea,10,10000000 ,22272,17/6/2021,ASP,INCL BAL22; U PTM16 ,?,239484,,378.7,= Z6 / Z7 - 1,,,= 0 * 0.000000,= (M6- M7) *0.000000,nan,= (O6- O7) *0.000000,,nan,,= AA7+AD7+AE7+AF7+AG7+AH7,= X7 * (AK7+ 1),= (AL6- AL7) / AL7,= AM7/ (K6- K7)
C2,19111301220038 ,RES ,HK-A,D2918974 ,06/10/2016,H BONAIRE  ,AP LEI CHAU MAIN ST 68 ,22/10/2019,5/11/2019,22,B,29.7,320,3.15,Sea,7.75,7750000 ,24219,13/11/2019,ASP,INCL BAL22; U PTM16 ,?,260419,,421.2,= Z6 / Z8 - 1,,,= 0 * 0.000000,= (M6- M8) *0.000000,nan,= (O6- O8) *0.000000,,nan,,= AA8+AD8+AE8+AF8+AG8+AH8,= X8 * (AK8+ 1),= (AL6- AL8) / AL8,= AM8/ (K6- K8)

C2,21062500770114 ,RES ,HK-A,D2919330 ,06/10/2016,H BONAIRE  ,AP LEI CHAU MAIN ST 68 ,29/05/2021,4/6/2021,32,B,29.8,321,3.15,Sea,9.56,9560000 ,29782,25/6/2021,ASP,INCL BAL22; U PTM16 ,?,320237,,439.1,,,,,,,,,,,,320237
D1,19041100490038 ,RES ,HK-A,D2918431 ,06/10/2016,H BONAIRE  ,AP LEI CHAU MAIN ST 68 ,26/03/2019,1/4/2019,5,D,47.3,509,3.15,Sea,12.355,12355000 ,24273,11/4/2019,ASP,INCL BAL22; U PTM16 ,?,261000,,358.3,= Z10 / Z11 - 1,,,= 0 * 0.000000,= (M10- M11) *0.000000,nan,= (O10- O11) *0.000000,,nan,,= AA11+AD11+AE11+AF11+AG11+AH11,= X11 * (AK11+ 1),= (AL10- AL11) / AL11,= AM11/ (K10- K11)
D1,18121400970024 ,RES ,HK-A,D2918848 ,06/10/2016,H BONAIRE  ,AP LEI CHAU MAIN ST 68 ,26/10/2018,21/11/2018,19,A,62.7,675,3.15,Sea,16.38,16380000 ,24267,14/12/2018,ASP,INCL BAL22; U PTM16 ,?,260935,,361.3,= Z10 / Z12 - 1,,,= 0 * 0.000000,= (M10- M12) *0.000000,nan,= (O10- O12) *0.000000,,nan,,= AA12+AD12+AE12+AF12+AG12+AH12,= X12 * (AK12+ 1),= (AL10- AL12) / AL12,= AM12/ (K10- K12)
C2,18112302160010 ,RES ,HK-A,D2918848 ,06/10/2016,H BONAIRE  ,AP LEI CHAU MAIN ST 68 ,26/10/2018,25/10/2018,19,A,62.7,675,3.15,Sea,16.38,16380000 ,24267,23/11/2018,P-ASP,INCL BAL22; U PTM16 ,?,260935,,361.3,= Z10 / Z13 - 1,,,= 0 * 0.000000,= (M10- M13) *0.000000,nan,= (O10- O13) *0.000000,,nan,,= AA13+AD13+AE13+AF13+AG13+AH13,= X13 * (AK13+ 1),= (AL10- AL13) / AL13,= AM13/ (K10- K13)
D1,17051600720187 ,RES ,HK-A,D2918381 ,06/10/2016,H BONAIRE  ,AP LEI CHAU MAIN ST 68 ,29/04/2017,9/5/2017,3,C,40.2,433,3.15,Sea,8.754,8754000 ,20217,16/5/2017,ASP,INCL BAL22 ;EXCL FR87,?,217387,,314.6,= Z10 / Z14 - 1,,,= 0 * 0.000000,= (M10- M14) *0.000000,nan,= (O10- O14) *0.000000,,nan,,= AA14+AD14+AE14+AF14+AG14+AH14,= X14 * (AK14+ 1),= (AL10- AL14) / AL14,= AM14/ (K10- K14)

C2,21061700860093 ,RES ,HK-A,D2919148 ,06/10/2016,H BONAIRE  ,AP LEI CHAU MAIN ST 68 ,05/05/2021,20/5/2021,27,C,41.7,449,3.15,Sea,10,10000000 ,22272,17/6/2021,ASP,INCL BAL22; U PTM16 ,?,239484,,378.7,,,,,,,,,,,,239484
C2,21081201820040 ,RES ,HK-A,D2918581 ,06/10/2016,H BONAIRE  ,AP LEI CHAU MAIN ST 68 ,02/07/2021,16/7/2021,10,C,41.7,449,3.15,Sea,9.98,9980000 ,22227,12/8/2021,ASP,INCL BAL22; U PTM16 ,?,239000,,385.6,= Z16 / Z17 - 1,,,= 0 * 0.000000,= (M16- M17) *0.000000,nan,= (O16- O17) *0.000000,,nan,,= AA17+AD17+AE17+AF17+AG17+AH17,= X17 * (AK17+ 1),= (AL16- AL17) / AL17,= AM17/ (K16- K17)

C2,21051400720037 ,RES ,HK-A,D2918712 ,06/10/2016,H BONAIRE  ,AP LEI CHAU MAIN ST 68 ,24/03/2021,3/5/2021,15,D,52.7,567,3.15,Sea,10.82,10820000 ,19083,14/5/2021,ASP,INCL BAL22; U PTM16 ,?,205194,,373.2,,,,,,,,,,,,205194
C2,20103001700065 ,RES ,HK-A,D2919219 ,06/10/2016,H BONAIRE  ,AP LEI CHAU MAIN ST 68 ,28/09/2020,12/10/2020,29,B,29.8,321,3.15,Sea,7.28,7280000 ,22679,30/10/2020,ASP,INCL BAL22; U PTM16 ,?,243860,,425.2,= Z19 / Z20 - 1,,,= 0 * 0.000000,= (M19- M20) *0.000000,nan,= (O19- O20) *0.000000,,nan,,= AA20+AD20+AE20+AF20+AG20+AH20,= X20 * (AK20+ 1),= (AL19- AL20) / AL20,= AM20/ (K19- K20)

C2,21042000690063 ,RES ,HK-A,D2918712 ,06/10/2016,H BONAIRE  ,AP LEI CHAU MAIN ST 68 ,24/03/2021,24/3/2021,15,D,52.7,567,3.15,Sea,10.82,10820000 ,19083,20/4/2021,P-ASP,INCL BAL22; U PTM16 ,?,205194,,373.2,,,,,,,,,,,,205194
C2,20103001700065 ,RES ,HK-A,D2919219 ,06/10/2016,H BONAIRE  ,AP LEI CHAU MAIN ST 68 ,28/09/2020,12/10/2020,29,B,29.8,321,3.15,Sea,7.28,7280000 ,22679,30/10/2020,ASP,INCL BAL22; U PTM16 ,?,243860,,425.2,= Z22 / Z23 - 1,,,= 0 * 0.000000,= (M22- M23) *0.000000,nan,= (O22- O23) *0.000000,,nan,,= AA23+AD23+AE23+AF23+AG23+AH23,= X23 * (AK23+ 1),= (AL22- AL23) / AL23,= AM23/ (K22- K23)

C2,21031101160130 ,RES ,HK-A,D2918856 ,06/10/2016,H BONAIRE  ,AP LEI CHAU MAIN ST 68 ,06/02/2021,5/3/2021,19,B,29.7,320,3.15,Sea,7.22,7220000 ,22562,11/3/2021,ASP,INCL BAL22; U PTM16 ,?,242602,,427.8,,,,,,,,,,,,242602
C2,21022502290039 ,RES ,HK-A,D2919056 ,06/10/2016,H BONAIRE  ,AP LEI CHAU MAIN ST 68 ,27/01/2021,10/2/2021,25,B,29.8,321,3.15,Sea,7.28,7280000 ,22679,25/2/2021,ASP,INCL BAL22; U PTM16 ,?,243860,,424.3,= Z25 / Z26 - 1,,,= 0 * 0.000000,= (M25- M26) *0.000000,nan,= (O25- O26) *0.000000,,nan,,= AA26+AD26+AE26+AF26+AG26+AH26,= X26 * (AK26+ 1),= (AL25- AL26) / AL26,= AM26/ (K25- K26)

C2,21022502290039 ,RES ,HK-A,D2919056 ,06/10/2016,H BONAIRE  ,AP LEI CHAU MAIN ST 68 ,27/01/2021,10/2/2021,25,B,29.8,321,3.15,Sea,7.28,7280000 ,22679,25/2/2021,ASP,INCL BAL22; U PTM16 ,?,243860,,424.3,,,,,,,,,,,,243860
C2,21031101160130 ,RES ,HK-A,D2918856 ,06/10/2016,H BONAIRE  ,AP LEI CHAU MAIN ST 68 ,06/02/2021,5/3/2021,19,B,29.7,320,3.15,Sea,7.22,7220000 ,22562,11/3/2021,ASP,INCL BAL22; U PTM16 ,?,242602,,427.8,= Z28 / Z29 - 1,,,= 0 * 0.000000,= (M28- M29) *0.000000,nan,= (O28- O29) *0.000000,,nan,,= AA29+AD29+AE29+AF29+AG29+AH29,= X29 * (AK29+ 1),= (AL28- AL29) / AL29,= AM29/ (K28- K29)
C2,21030300120030 ,RES ,HK-A,D2918856 ,06/10/2016,H BONAIRE  ,AP LEI CHAU MAIN ST 68 ,06/02/2021,6/2/2021,19,B,29.7,320,3.15,Sea,7.22,7220000 ,22562,3/3/2021,P-ASP,INCL BAL22; U PTM16 ,?,242602,,427.8,= Z28 / Z30 - 1,,,= 0 * 0.000000,= (M28- M30) *0.000000,nan,= (O28- O30) *0.000000,,nan,,= AA30+AD30+AE30+AF30+AG30+AH30,= X30 * (AK30+ 1),= (AL28- AL30) / AL30,= AM30/ (K28- K30)
C2,20120401120340 ,RES ,HK-A,D2918817 ,06/10/2016,H BONAIRE  ,AP LEI CHAU MAIN ST 68 ,12/11/2020,25/11/2020,18,B,29.7,320,3.15,Sea,7.23,7230000 ,22594,4/12/2020,ASP,INCL BAL22; U PTM16 ,?,242946,,423,= Z28 / Z31 - 1,,,= 0 * 0.000000,= (M28- M31) *0.000000,nan,= (O28- O31) *0.000000,,nan,,= AA31+AD31+AE31+AF31+AG31+AH31,= X31 * (AK31+ 1),= (AL28- AL31) / AL31,= AM31/ (K28- K31)

C2,21030300120030 ,RES ,HK-A,D2918856 ,06/10/2016,H BONAIRE  ,AP LEI CHAU MAIN ST 68 ,06/02/2021,6/2/2021,19,B,29.7,320,3.15,Sea,7.22,7220000 ,22562,3/3/2021,P-ASP,INCL BAL22; U PTM16 ,?,242602,,427.8,,,,,,,,,,,,242602
C2,21022502290039 ,RES ,HK-A,D2919056 ,06/10/2016,H BONAIRE  ,AP LEI CHAU MAIN ST 68 ,27/01/2021,10/2/2021,25,B,29.8,321,3.15,Sea,7.28,7280000 ,22679,25/2/2021,ASP,INCL BAL22; U PTM16 ,?,243860,,424.3,= Z33 / Z34 - 1,,,= 0 * 0.000000,= (M33- M34) *0.000000,nan,= (O33- O34) *0.000000,,nan,,= AA34+AD34+AE34+AF34+AG34+AH34,= X34 * (AK34+ 1),= (AL33- AL34) / AL34,= AM34/ (K33- K34)

C2,20120401120340 ,RES ,HK-A,D2918817 ,06/10/2016,H BONAIRE  ,AP LEI CHAU MAIN ST 68 ,12/11/2020,25/11/2020,18,B,29.7,320,3.15,Sea,7.23,7230000 ,22594,4/12/2020,ASP,INCL BAL22; U PTM16 ,?,242946,,423,,,,,,,,,,,,242946
C2,21022502290039 ,RES ,HK-A,D2919056 ,06/10/2016,H BONAIRE  ,AP LEI CHAU MAIN ST 68 ,27/01/2021,10/2/2021,25,B,29.8,321,3.15,Sea,7.28,7280000 ,22679,25/2/2021,ASP,INCL BAL22; U PTM16 ,?,243860,,424.3,= Z36 / Z37 - 1,,,= 0 * 0.000000,= (M36- M37) *0.000000,nan,= (O36- O37) *0.000000,,nan,,= AA37+AD37+AE37+AF37+AG37+AH37,= X37 * (AK37+ 1),= (AL36- AL37) / AL37,= AM37/ (K36- K37)

C2,20103001700065 ,RES ,HK-A,D2919219 ,06/10/2016,H BONAIRE  ,AP LEI CHAU MAIN ST 68 ,28/09/2020,12/10/2020,29,B,29.8,321,3.15,Sea,7.28,7280000 ,22679,30/10/2020,ASP,INCL BAL22; U PTM16 ,?,243860,,425.2,,,,,,,,,,,,243860
﻿C2,21110400170019 ,RES ,HK-A,D2918955 ,06/10/2016,H BONAIRE  ,AP LEI CHAU MAIN ST 68 ,01/10/2021,15/10/2021,21,D,52.7,567,3.15,Sea,11.3,11300000 ,19929,4/11/2021,ASP,INCL BAL22; U PTM16 ,?,214290,,381.2,= Z39 / Z40 - 1,,,= 0 * 0.000000,= (M39- M40) *0.000000,nan,= (O39- O40) *0.000000,,nan,,= AA40+AD40+AE40+AF40+AG40+AH40,= X40 * (AK40+ 1),= (AL39- AL40) / AL40,= AM40/ (K39- K40)
D1,19060401820193 ,RES ,HK-A,D2918935 ,06/10/2016,H BONAIRE  ,AP LEI CHAU MAIN ST 68 ,29/04/2019,10/5/2019,21,B,29.7,320,3.15,Sea,7.638,7638000 ,23869,4/6/2019,ASP,INCL BAL22; U PTM16 ,?,256656,,437.5,= Z39 / Z41 - 1,,,= 0 * 0.000000,= (M39- M41) *0.000000,nan,= (O39- O41) *0.000000,,nan,,= AA41+AD41+AE41+AF41+AG41+AH41,= X41 * (AK41+ 1),= (AL39- AL41) / AL41,= AM41/ (K39- K41)

C2,20102101630125 ,RES ,HK-A,D2919219 ,06/10/2016,H BONAIRE  ,AP LEI CHAU MAIN ST 68 ,28/09/2020,28/9/2020,29,B,29.8,321,3.15,Sea,7.28,7280000 ,22679,21/10/2020,P-ASP,INCL BAL22; U PTM16 ,?,243860,,425.2,,,,,,,,,,,,243860
﻿C2,21110400170019 ,RES ,HK-A,D2918955 ,06/10/2016,H BONAIRE  ,AP LEI CHAU MAIN ST 68 ,01/10/2021,15/10/2021,21,D,52.7,567,3.15,Sea,11.3,11300000 ,19929,4/11/2021,ASP,INCL BAL22; U PTM16 ,?,214290,,381.2,= Z43 / Z44 - 1,,,= 0 * 0.000000,= (M43- M44) *0.000000,nan,= (O43- O44) *0.000000,,nan,,= AA44+AD44+AE44+AF44+AG44+AH44,= X44 * (AK44+ 1),= (AL43- AL44) / AL44,= AM44/ (K43- K44)

C2,19111301220038 ,RES ,HK-A,D2918974 ,06/10/2016,H BONAIRE  ,AP LEI CHAU MAIN ST 68 ,22/10/2019,5/11/2019,22,B,29.7,320,3.15,Sea,7.75,7750000 ,24219,13/11/2019,ASP,INCL BAL22; U PTM16 ,?,260419,,421.2,,,,,,,,,,,,260419
C2,21081201820040 ,RES ,HK-A,D2918581 ,06/10/2016,H BONAIRE  ,AP LEI CHAU MAIN ST 68 ,02/07/2021,16/7/2021,10,C,41.7,449,3.15,Sea,9.98,9980000 ,22227,12/8/2021,ASP,INCL BAL22; U PTM16 ,?,239000,,385.6,= Z46 / Z47 - 1,,,= 0 * 0.000000,= (M46- M47) *0.000000,nan,= (O46- O47) *0.000000,,nan,,= AA47+AD47+AE47+AF47+AG47+AH47,= X47 * (AK47+ 1),= (AL46- AL47) / AL47,= AM47/ (K46- K47)

D1,19060401820193 ,RES ,HK-A,D2918935 ,06/10/2016,H BONAIRE  ,AP LEI CHAU MAIN ST 68 ,29/04/2019,10/5/2019,21,B,29.7,320,3.15,Sea,7.638,7638000 ,23869,4/6/2019,ASP,INCL BAL22; U PTM16 ,?,256656,,437.5,,,,,,,,,,,,256656
C2,20103001700065 ,RES ,HK-A,D2919219 ,06/10/2016,H BONAIRE  ,AP LEI CHAU MAIN ST 68 ,28/09/2020,12/10/2020,29,B,29.8,321,3.15,Sea,7.28,7280000 ,22679,30/10/2020,ASP,INCL BAL22; U PTM16 ,?,243860,,425.2,= Z49 / Z50 - 1,,,= 0 * 0.000000,= (M49- M50) *0.000000,nan,= (O49- O50) *0.000000,,nan,,= AA50+AD50+AE50+AF50+AG50+AH50,= X50 * (AK50+ 1),= (AL49- AL50) / AL50,= AM50/ (K49- K50)

D1,19041100490038 ,RES ,HK-A,D2918431 ,06/10/2016,H BONAIRE  ,AP LEI CHAU MAIN ST 68 ,26/03/2019,1/4/2019,5,D,47.3,509,3.15,Sea,12.355,12355000 ,24273,11/4/2019,ASP,INCL BAL22; U PTM16 ,?,261000,,358.3,,,,,,,,,,,,261000
C2,21062500770114 ,RES ,HK-A,D2919330 ,06/10/2016,H BONAIRE  ,AP LEI CHAU MAIN ST 68 ,29/05/2021,4/6/2021,32,B,29.8,321,3.15,Sea,9.56,9560000 ,29782,25/6/2021,ASP,INCL BAL22; U PTM16 ,?,320237,,439.1,= Z52 / Z53 - 1,,,= 0 * 0.000000,= (M52- M53) *0.000000,nan,= (O52- O53) *0.000000,,nan,,= AA53+AD53+AE53+AF53+AG53+AH53,= X53 * (AK53+ 1),= (AL52- AL53) / AL53,= AM53/ (K52- K53)
D1,17062000690070 ,RES ,HK-A,D2919291 ,06/10/2016,H BONAIRE  ,AP LEI CHAU MAIN ST 68 ,31/05/2017,7/6/2017,31,B,29.8,321,3.15,Sea,8.688,8688000 ,27065,20/6/2017,ASP,INCL BAL22; U PTM16 ,?,291022,,369.4,= Z52 / Z54 - 1,,,= 0 * 0.000000,= (M52- M54) *0.000000,nan,= (O52- O54) *0.000000,,nan,,= AA54+AD54+AE54+AF54+AG54+AH54,= X54 * (AK54+ 1),= (AL52- AL54) / AL54,= AM54/ (K52- K54)
D1,17051600720193 ,RES ,HK-A,D2919259 ,06/10/2016,H BONAIRE  ,AP LEI CHAU MAIN ST 68 ,26/04/2017,5/5/2017,30,B,29.8,321,3.15,Sea,8.154,8154000 ,25402,16/5/2017,ASP,INCL BAL22; U PTM16 ,?,273140,,365.5,= Z52 / Z55 - 1,,,= 0 * 0.000000,= (M52- M55) *0.000000,nan,= (O52- O55) *0.000000,,nan,,= AA55+AD55+AE55+AF55+AG55+AH55,= X55 * (AK55+ 1),= (AL52- AL55) / AL55,= AM55/ (K52- K55)

D1,19031100430110 ,RES ,HK-A,D2919107 ,06/10/2016,H BONAIRE  ,AP LEI CHAU MAIN ST 68 ,08/02/2019,22/2/2019,26,C,41.7,449,3.15,Sea,9.75,9750000 ,21715,11/3/2019,ASP,INCL BAL22; U PTM16 ,?,233495,,346.7,,,,,,,,,,,,233495
D1,17051600720187 ,RES ,HK-A,D2918381 ,06/10/2016,H BONAIRE  ,AP LEI CHAU MAIN ST 68 ,29/04/2017,9/5/2017,3,C,40.2,433,3.15,Sea,8.754,8754000 ,20217,16/5/2017,ASP,INCL BAL22 ;EXCL FR87,?,217387,,314.6,= Z57 / Z58 - 1,,,= 0 * 0.000000,= (M57- M58) *0.000000,nan,= (O57- O58) *0.000000,,nan,,= AA58+AD58+AE58+AF58+AG58+AH58,= X58 * (AK58+ 1),= (AL57- AL58) / AL58,= AM58/ (K57- K58)

D1,18121400970024 ,RES ,HK-A,D2918848 ,06/10/2016,H BONAIRE  ,AP LEI CHAU MAIN ST 68 ,26/10/2018,21/11/2018,19,A,62.7,675,3.15,Sea,16.38,16380000 ,24267,14/12/2018,ASP,INCL BAL22; U PTM16 ,?,260935,,361.3,,,,,,,,,,,,260935
C2,21062500770114 ,RES ,HK-A,D2919330 ,06/10/2016,H BONAIRE  ,AP LEI CHAU MAIN ST 68 ,29/05/2021,4/6/2021,32,B,29.8,321,3.15,Sea,9.56,9560000 ,29782,25/6/2021,ASP,INCL BAL22; U PTM16 ,?,320237,,439.1,= Z60 / Z61 - 1,,,= 0 * 0.000000,= (M60- M61) *0.000000,nan,= (O60- O61) *0.000000,,nan,,= AA61+AD61+AE61+AF61+AG61+AH61,= X61 * (AK61+ 1),= (AL60- AL61) / AL61,= AM61/ (K60- K61)

C2,18112302160010 ,RES ,HK-A,D2918848 ,06/10/2016,H BONAIRE  ,AP LEI CHAU MAIN ST 68 ,26/10/2018,25/10/2018,19,A,62.7,675,3.15,Sea,16.38,16380000 ,24267,23/11/2018,P-ASP,INCL BAL22; U PTM16 ,?,260935,,361.3,,,,,,,,,,,,260935
C2,21062500770114 ,RES ,HK-A,D2919330 ,06/10/2016,H BONAIRE  ,AP LEI CHAU MAIN ST 68 ,29/05/2021,4/6/2021,32,B,29.8,321,3.15,Sea,9.56,9560000 ,29782,25/6/2021,ASP,INCL BAL22; U PTM16 ,?,320237,,439.1,= Z63 / Z64 - 1,,,= 0 * 0.000000,= (M63- M64) *0.000000,nan,= (O63- O64) *0.000000,,nan,,= AA64+AD64+AE64+AF64+AG64+AH64,= X64 * (AK64+ 1),= (AL63- AL64) / AL64,= AM64/ (K63- K64)

D1,17051600720187 ,RES ,HK-A,D2918381 ,06/10/2016,H BONAIRE  ,AP LEI CHAU MAIN ST 68 ,29/04/2017,9/5/2017,3,C,40.2,433,3.15,Sea,8.754,8754000 ,20217,16/5/2017,ASP,INCL BAL22 ;EXCL FR87,?,217387,,314.6,,,,,,,,,,,,217387
C2,21062500770114 ,RES ,HK-A,D2919330 ,06/10/2016,H BONAIRE  ,AP LEI CHAU MAIN ST 68 ,29/05/2021,4/6/2021,32,B,29.8,321,3.15,Sea,9.56,9560000 ,29782,25/6/2021,ASP,INCL BAL22; U PTM16 ,?,320237,,439.1,= Z66 / Z67 - 1,,,= 0 * 0.000000,= (M66- M67) *0.000000,nan,= (O66- O67) *0.000000,,nan,,= AA67+AD67+AE67+AF67+AG67+AH67,= X67 * (AK67+ 1),= (AL66- AL67) / AL67,= AM67/ (K66- K67)
D1,19031100430110 ,RES ,HK-A,D2919107 ,06/10/2016,H BONAIRE  ,AP LEI CHAU MAIN ST 68 ,08/02/2019,22/2/2019,26,C,41.7,449,3.15,Sea,9.75,9750000 ,21715,11/3/2019,ASP,INCL BAL22; U PTM16 ,?,233495,,346.7,= Z66 / Z68 - 1,,,= 0 * 0.000000,= (M66- M68) *0.000000,nan,= (O66- O68) *0.000000,,nan,,= AA68+AD68+AE68+AF68+AG68+AH68,= X68 * (AK68+ 1),= (AL66- AL68) / AL68,= AM68/ (K66- K68)

D1,17051600720193 ,RES ,HK-A,D2919259 ,06/10/2016,H BONAIRE  ,AP LEI CHAU MAIN ST 68 ,26/04/2017,5/5/2017,30,B,29.8,321,3.15,Sea,8.154,8154000 ,25402,16/5/2017,ASP,INCL BAL22; U PTM16 ,?,273140,,365.5,,,,,,,,,,,,273140
D1,19041100490038 ,RES ,HK-A,D2918431 ,06/10/2016,H BONAIRE  ,AP LEI CHAU MAIN ST 68 ,26/03/2019,1/4/2019,5,D,47.3,509,3.15,Sea,12.355,12355000 ,24273,11/4/2019,ASP,INCL BAL22; U PTM16 ,?,261000,,358.3,= Z70 / Z71 - 1,,,= 0 * 0.000000,= (M70- M71) *0.000000,nan,= (O70- O71) *0.000000,,nan,,= AA71+AD71+AE71+AF71+AG71+AH71,= X71 * (AK71+ 1),= (AL70- AL71) / AL71,= AM71/ (K70- K71)

C2,22011901870103 ,RES ,HK-A,D3242194 ,04/11/2016,SOUTH COAST  ,TANG FUNG ST 1 ,30/12/2021,30/12/2021,16,C,23.6,254,2.95,Sea,5.68,5680000,22362,19/1/2022,P-ASP,INCL BAL22 ;EXCL BW2,?,240452,,434.9,,,,,,,,,,,,240452
C2,21111001340054 ,RES ,HK-A,D3242541 ,04/11/2016,SOUTH COAST  ,TANG FUNG ST 1 ,17/10/2021,2/11/2021,22,B,23.7,255,2.95,Sea,5.838,5838000,22894,10/11/2021,ASP,INCL BAL22 ;EXCL BW2,?,246172,,440.9,= Z73 / Z74 - 1,,,= 0 * 0.000000,= (M73- M74) *0.000000,nan,= (O73- O74) *0.000000,,nan,,= AA74+AD74+AE74+AF74+AG74+AH74,= X74 * (AK74+ 1),= (AL73- AL74) / AL74,= AM74/ (K73- K74)
C2,21090200040010 ,RES ,HK-A,D3242748 ,04/11/2016,SOUTH COAST  ,TANG FUNG ST 1 ,12/08/2021,25/8/2021,26,D,23.6,254,2.95,Sea,5.88,5880000,23150,2/9/2021,ASP,INCL BAL22 ;EXCL BW2,?,248925,,442.4,= Z73 / Z75 - 1,,,= 0 * 0.000000,= (M73- M75) *0.000000,nan,= (O73- O75) *0.000000,,nan,,= AA75+AD75+AE75+AF75+AG75+AH75,= X75 * (AK75+ 1),= (AL73- AL75) / AL75,= AM75/ (K73- K75)
C2,20091500290075 ,RES ,HK-A,D3242929 ,04/11/2016,SOUTH COAST  ,TANG FUNG ST 1 ,21/08/2020,4/9/2020,29,D,23.6,254,2.95,Sea,5.38,5380000,21181,15/9/2020,ASP,INCL BAL22 ;EXCL BW2,?,227753,,423.9,= Z73 / Z76 - 1,,,= 0 * 0.000000,= (M73- M76) *0.000000,nan,= (O73- O76) *0.000000,,nan,,= AA76+AD76+AE76+AF76+AG76+AH76,= X76 * (AK76+ 1),= (AL73- AL76) / AL76,= AM76/ (K73- K76)
C2,20041601490434 ,RES ,HK-A,D3242902 ,04/11/2016,SOUTH COAST  ,TANG FUNG ST 1 ,18/03/2020,31/3/2020,29,B,23.7,255,2.95,Sea,5.5,5500000,21569,16/4/2020,ASP,INCL BAL22 ;EXCL BW2,?,231925,,420.4,= Z73 / Z77 - 1,,,= 0 * 0.000000,= (M73- M77) *0.000000,nan,= (O73- O77) *0.000000,,nan,,= AA77+AD77+AE77+AF77+AG77+AH77,= X77 * (AK77+ 1),= (AL73- AL77) / AL77,= AM77/ (K73- K77)

C2,21111801210029 ,RES ,HK-A,D3243053 ,04/11/2016,SOUTH COAST  ,TANG FUNG ST 1 ,05/11/2021,5/11/2021,31,E,41.9,451,2.95,Sea,8.4,8400000,18625,18/11/2021,ASP,INCL BAL22; U PTM16 ;EXCL BW5,?,200269,,379.7,,,,,,,,,,,,200269
C2,21101800180107 ,RES ,HK-A,D3242659 ,04/11/2016,SOUTH COAST  ,TANG FUNG ST 1 ,19/09/2021,4/10/2021,25,A,44.4,478,2.95,Sea,8.97,8970000,18766,18/10/2021,ASP,INCL BAL22 ;EXCL BW2,?,201785,,382.7,= Z79 / Z80 - 1,,,= 0 * 0.000000,= (M79- M80) *0.000000,nan,= (O79- O80) *0.000000,,nan,,= AA80+AD80+AE80+AF80+AG80+AH80,= X80 * (AK80+ 1),= (AL79- AL80) / AL80,= AM80/ (K79- K80)
C2,21101502590134 ,RES ,HK-A,D3242185 ,04/11/2016,SOUTH COAST  ,TANG FUNG ST 1 ,10/09/2021,23/9/2021,16,B,23.7,255,2.95,Sea,5.6,5600000,21961,15/10/2021,ASP,INCL BAL22 ;EXCL BW2,?,236140,,443.8,= Z79 / Z81 - 1,,,= 0 * 0.000000,= (M79- M81) *0.000000,nan,= (O79- O81) *0.000000,,nan,,= AA81+AD81+AE81+AF81+AG81+AH81,= X81 * (AK81+ 1),= (AL79- AL81) / AL81,= AM81/ (K79- K81)
C2,21090602160066 ,RES ,HK-A,D3242066 ,04/11/2016,SOUTH COAST  ,TANG FUNG ST 1 ,18/07/2021,20/8/2021,12,B,23.7,255,2.95,Sea,5.55,5550000,21765,6/9/2021,ASP,INCL BAL22 ;EXCL BW2,?,234032,,439.2,= Z79 / Z82 - 1,,,= 0 * 0.000000,= (M79- M82) *0.000000,nan,= (O79- O82) *0.000000,,nan,,= AA82+AD82+AE82+AF82+AG82+AH82,= X82 * (AK82+ 1),= (AL79- AL82) / AL82,= AM82/ (K79- K82)
C2,21081001870043 ,RES ,HK-A,D3242066 ,04/11/2016,SOUTH COAST  ,TANG FUNG ST 1 ,18/07/2021,18/7/2021,12,B,23.7,255,2.95,Sea,5.55,5550000,21765,10/8/2021,P-ASP,INCL BAL22 ;EXCL BW2,?,234032,,439.2,= Z79 / Z83 - 1,,,= 0 * 0.000000,= (M79- M83) *0.000000,nan,= (O79- O83) *0.000000,,nan,,= AA83+AD83+AE83+AF83+AG83+AH83,= X83 * (AK83+ 1),= (AL79- AL83) / AL83,= AM83/ (K79- K83)
C2,21072602460174 ,RES ,HK-A,D3242556 ,04/11/2016,SOUTH COAST  ,TANG FUNG ST 1 ,26/06/2021,9/7/2021,22,C,23.6,254,2.95,Sea,5.49,5490000,21614,26/7/2021,ASP,INCL BAL22 ;EXCL BW2,?,232409,,435,= Z79 / Z84 - 1,,,= 0 * 0.000000,= (M79- M84) *0.000000,nan,= (O79- O84) *0.000000,,nan,,= AA84+AD84+AE84+AF84+AG84+AH84,= X84 * (AK84+ 1),= (AL79- AL84) / AL84,= AM84/ (K79- K84)
C2,21072001630033 ,RES ,HK-A,D3241579 ,04/11/2016,SOUTH COAST  ,TANG FUNG ST 1 ,22/06/2021,6/7/2021,3,A,42.4,456,2.95,Sea,7.95,7950000,17434,20/7/2021,ASP, EXCL BW2; FR47,?,187462,,381.2,= Z79 / Z85 - 1,,,= 0 * 0.000000,= (M79- M85) *0.000000,nan,= (O79- O85) *0.000000,,nan,,= AA85+AD85+AE85+AF85+AG85+AH85,= X85 * (AK85+ 1),= (AL79- AL85) / AL85,= AM85/ (K79- K85)
C2,21050701740104 ,RES ,HK-A,D3242750 ,04/11/2016,SOUTH COAST  ,TANG FUNG ST 1 ,12/04/2021,27/4/2021,26,E,41.9,451,2.95,Sea,8.3,8300000,18404,7/5/2021,ASP,INCL BAL22; U PTM16 ;EXCL BW5,?,197892,,376,= Z79 / Z86 - 1,,,= 0 * 0.000000,= (M79- M86) *0.000000,nan,= (O79- O86) *0.000000,,nan,,= AA86+AD86+AE86+AF86+AG86+AH86,= X86 * (AK86+ 1),= (AL79- AL86) / AL86,= AM86/ (K79- K86)
C2,21042302730574 ,RES ,HK-A,D3241963 ,04/11/2016,SOUTH COAST  ,TANG FUNG ST 1 ,07/04/2021,20/4/2021,10,D,23.6,254,2.95,Sea,5.35,5350000,21063,23/4/2021,ASP,INCL BAL22 ;EXCL BW2,?,226484,,434.6,= Z79 / Z87 - 1,,,= 0 * 0.000000,= (M79- M87) *0.000000,nan,= (O79- O87) *0.000000,,nan,,= AA87+AD87+AE87+AF87+AG87+AH87,= X87 * (AK87+ 1),= (AL79- AL87) / AL87,= AM87/ (K79- K87)
C2,21042802030145 ,RES ,HK-A,D3242003 ,04/11/2016,SOUTH COAST  ,TANG FUNG ST 1 ,05/04/2021,16/4/2021,11,B,23.7,255,2.95,Sea,5.5,5500000,21569,28/4/2021,ASP,INCL BAL22 ;EXCL BW2,?,231925,,434.6,= Z79 / Z88 - 1,,,= 0 * 0.000000,= (M79- M88) *0.000000,nan,= (O79- O88) *0.000000,,nan,,= AA88+AD88+AE88+AF88+AG88+AH88,= X88 * (AK88+ 1),= (AL79- AL88) / AL88,= AM88/ (K79- K88)
C2,21042101190123 ,RES ,HK-A,D3242806 ,04/11/2016,SOUTH COAST  ,TANG FUNG ST 1 ,01/04/2021,14/4/2021,27,D,23.6,254,2.95,Sea,5.46,5460000,21496,21/4/2021,ASP,INCL BAL22 ;EXCL BW2,?,231140,,434.6,= Z79 / Z89 - 1,,,= 0 * 0.000000,= (M79- M89) *0.000000,nan,= (O79- O89) *0.000000,,nan,,= AA89+AD89+AE89+AF89+AG89+AH89,= X89 * (AK89+ 1),= (AL79- AL89) / AL89,= AM89/ (K79- K89)
C2,21043001390017 ,RES ,HK-A,D3242512 ,04/11/2016,SOUTH COAST  ,TANG FUNG ST 1 ,29/03/2021,13/4/2021,21,E,41.9,451,2.95,Sea,8.16,8160000,18093,30/4/2021,ASP,INCL BAL22; U PTM16 ;EXCL BW5,?,194548,,373.2,= Z79 / Z90 - 1,,,= 0 * 0.000000,= (M79- M90) *0.000000,nan,= (O79- O90) *0.000000,,nan,,= AA90+AD90+AE90+AF90+AG90+AH90,= X90 * (AK90+ 1),= (AL79- AL90) / AL90,= AM90/ (K79- K90)
C2,21022402240122 ,RES ,HK-A,D3241842 ,04/11/2016,SOUTH COAST  ,TANG FUNG ST 1 ,14/01/2021,27/1/2021,8,D,23.6,254,2.95,Sea,5.2,5200000,20472,24/2/2021,ASP,INCL BAL22 ;EXCL BW2,?,220129,,424.3,= Z79 / Z91 - 1,,,= 0 * 0.000000,= (M79- M91) *0.000000,nan,= (O79- O91) *0.000000,,nan,,= AA91+AD91+AE91+AF91+AG91+AH91,= X91 * (AK91+ 1),= (AL79- AL91) / AL91,= AM91/ (K79- K91)
C2,21010601390089 ,RES ,HK-A,D3242615 ,04/11/2016,SOUTH COAST  ,TANG FUNG ST 1 ,17/12/2020,31/12/2020,23,C,23.6,254,2.95,Sea,5.33,5330000,20984,6/1/2021,ASP,INCL BAL22 ;EXCL BW2,?,225634,,422.6,= Z79 / Z92 - 1,,,= 0 * 0.000000,= (M79- M92) *0.000000,nan,= (O79- O92) *0.000000,,nan,,= AA92+AD92+AE92+AF92+AG92+AH92,= X92 * (AK92+ 1),= (AL79- AL92) / AL92,= AM92/ (K79- K92)
C2,20111100350115 ,RES ,HK-A,D3242084 ,04/11/2016,SOUTH COAST  ,TANG FUNG ST 1 ,14/10/2020,3/11/2020,12,D,23.6,254,2.95,Sea,5.205,5205000,20492,11/11/2020,ASP,INCL BAL22 ;EXCL BW2,?,220344,,423.9,= Z79 / Z93 - 1,,,= 0 * 0.000000,= (M79- M93) *0.000000,nan,= (O79- O93) *0.000000,,nan,,= AA93+AD93+AE93+AF93+AG93+AH93,= X93 * (AK93+ 1),= (AL79- AL93) / AL93,= AM93/ (K79- K93)
C2,20111902160017 ,RES ,HK-A,D3242146 ,04/11/2016,SOUTH COAST  ,TANG FUNG ST 1 ,18/10/2020,30/10/2020,15,D,23.6,254,2.95,Sea,5.28,5280000,20787,19/11/2020,ASP,INCL BAL22 ;EXCL BW2,?,223516,,423.9,= Z79 / Z94 - 1,,,= 0 * 0.000000,= (M79- M94) *0.000000,nan,= (O79- O94) *0.000000,,nan,,= AA94+AD94+AE94+AF94+AG94+AH94,= X94 * (AK94+ 1),= (AL79- AL94) / AL94,= AM94/ (K79- K94)
C2,20111101340017 ,RES ,HK-A,D3241881 ,04/11/2016,SOUTH COAST  ,TANG FUNG ST 1 ,17/10/2020,17/10/2020,9,B,23.7,255,2.95,Sea,5.3,5300000,20784,11/11/2020,P-ASP,INCL BAL22 ;EXCL BW2,?,223484,,423.9,= Z79 / Z95 - 1,,,= 0 * 0.000000,= (M79- M95) *0.000000,nan,= (O79- O95) *0.000000,,nan,,= AA95+AD95+AE95+AF95+AG95+AH95,= X95 * (AK95+ 1),= (AL79- AL95) / AL95,= AM95/ (K79- K95)
C2,20110900280126 ,RES ,HK-A,D3242084 ,04/11/2016,SOUTH COAST  ,TANG FUNG ST 1 ,14/10/2020,14/10/2020,12,D,23.6,254,2.95,Sea,5.205,5205000,20492,9/11/2020,P-ASP,INCL BAL22 ;EXCL BW2,?,220344,,423.9,= Z79 / Z96 - 1,,,= 0 * 0.000000,= (M79- M96) *0.000000,nan,= (O79- O96) *0.000000,,nan,,= AA96+AD96+AE96+AF96+AG96+AH96,= X96 * (AK96+ 1),= (AL79- AL96) / AL96,= AM96/ (K79- K96)
C2,20090101410211 ,RES ,HK-A,D3241673 ,04/11/2016,SOUTH COAST  ,TANG FUNG ST 1 ,21/07/2020,25/8/2020,5,E,41.9,451,2.95,Sea,7.9,7900000,17517,1/9/2020,ASP,INCL BAL22; U PTM16 ;EXCL BW5,?,188355,,368.2,= Z79 / Z97 - 1,,,= 0 * 0.000000,= (M79- M97) *0.000000,nan,= (O79- O97) *0.000000,,nan,,= AA97+AD97+AE97+AF97+AG97+AH97,= X97 * (AK97+ 1),= (AL79- AL97) / AL97,= AM97/ (K79- K97)
C2,20081701260152 ,RES ,HK-A,D3241673 ,04/11/2016,SOUTH COAST  ,TANG FUNG ST 1 ,21/07/2020,21/7/2020,5,E,41.9,451,2.95,Sea,7.9,7900000,17517,17/8/2020,P-ASP,INCL BAL22; U PTM16 ;EXCL BW5,?,188355,,368.2,= Z79 / Z98 - 1,,,= 0 * 0.000000,= (M79- M98) *0.000000,nan,= (O79- O98) *0.000000,,nan,,= AA98+AD98+AE98+AF98+AG98+AH98,= X98 * (AK98+ 1),= (AL79- AL98) / AL98,= AM98/ (K79- K98)
C2,20062200140142 ,RES ,HK-A,D3241944 ,04/11/2016,SOUTH COAST  ,TANG FUNG ST 1 ,20/05/2020,2/6/2020,10,B,23.7,255,2.95,Sea,5.35,5350000,20980,22/6/2020,ASP,INCL BAL22 ;EXCL BW2,?,225591,,428.9,= Z79 / Z99 - 1,,,= 0 * 0.000000,= (M79- M99) *0.000000,nan,= (O79- O99) *0.000000,,nan,,= AA99+AD99+AE99+AF99+AG99+AH99,= X99 * (AK99+ 1),= (AL79- AL99) / AL99,= AM99/ (K79- K99)
C2,20061501610016 ,RES ,HK-A,D3241633 ,04/11/2016,SOUTH COAST  ,TANG FUNG ST 1 ,11/05/2020,18/5/2020,5,A,44.4,478,2.95,Sea,8,8000000,16736,15/6/2020,ASP,INCL BAL22 ;EXCL BW2,?,179957,,367.6,= Z79 / Z100 - 1,,,= 0 * 0.000000,= (M79- M100) *0.000000,nan,= (O79- O100) *0.000000,,nan,,= AA100+AD100+AE100+AF100+AG100+AH100,= X100 * (AK100+ 1),= (AL79- AL100) / AL100,= AM100/ (K79- K100)
C2,20050701550154 ,RES ,HK-A,D3242386 ,04/11/2016,SOUTH COAST  ,TANG FUNG ST 1 ,29/03/2020,29/4/2020,19,D,23.6,254,2.95,Sea,5.19,5190000,20433,7/5/2020,ASP,INCL BAL22 ;EXCL BW2,?,219710,,420.4,= Z79 / Z101 - 1,,,= 0 * 0.000000,= (M79- M101) *0.000000,nan,= (O79- O101) *0.000000,,nan,,= AA101+AD101+AE101+AF101+AG101+AH101,= X101 * (AK101+ 1),= (AL79- AL101) / AL101,= AM101/ (K79- K101)
C2,20042001300110 ,RES ,HK-A,D3242386 ,04/11/2016,SOUTH COAST  ,TANG FUNG ST 1 ,29/03/2020,29/3/2020,19,D,23.6,254,2.95,Sea,5.19,5190000,20433,20/4/2020,P-ASP,INCL BAL22 ;EXCL BW2,?,219710,,420.4,= Z79 / Z102 - 1,,,= 0 * 0.000000,= (M79- M102) *0.000000,nan,= (O79- O102) *0.000000,,nan,,= AA102+AD102+AE102+AF102+AG102+AH102,= X102 * (AK102+ 1),= (AL79- AL102) / AL102,= AM102/ (K79- K102)
C2,20041601150015 ,RES ,HK-A,D3242576 ,04/11/2016,SOUTH COAST  ,TANG FUNG ST 1 ,24/03/2020,24/3/2020,22,E,41.9,451,2.95,Sea,7.95,7950000,17627,16/4/2020,P-ASP,INCL BAL22; U PTM16 ;EXCL BW5,?,189538,,360.4,= Z79 / Z103 - 1,,,= 0 * 0.000000,= (M79- M103) *0.000000,nan,= (O79- O103) *0.000000,,nan,,= AA103+AD103+AE103+AF103+AG103+AH103,= X103 * (AK103+ 1),= (AL79- AL103) / AL103,= AM103/ (K79- K103)
D2,19052700690029 ,RES ,HK-A,D3242256 ,04/11/2016,SOUTH COAST  ,TANG FUNG ST 1 ,21/04/2019,6/5/2019,17,C,23.6,254,2.95,Sea,5.585,5585000,21988,27/5/2019,ASP,INCL BAL22 ;EXCL BW2,?,236430,,437.5,= Z79 / Z104 - 1,,,= 0 * 0.000000,= (M79- M104) *0.000000,nan,= (O79- O104) *0.000000,,nan,,= AA104+AD104+AE104+AF104+AG104+AH104,= X104 * (AK104+ 1),= (AL79- AL104) / AL104,= AM104/ (K79- K104)
D2,19041700250036 ,RES ,HK-A,D3241775 ,04/11/2016,SOUTH COAST  ,TANG FUNG ST 1 ,25/03/2019,8/4/2019,7,C,23.6,254,2.95,Sea,5.35,5350000,21063,17/4/2019,ASP,INCL BAL22 ;EXCL BW2,?,226484,,421.5,= Z79 / Z105 - 1,,,= 0 * 0.000000,= (M79- M105) *0.000000,nan,= (O79- O105) *0.000000,,nan,,= AA105+AD105+AE105+AF105+AG105+AH105,= X105 * (AK105+ 1),= (AL79- AL105) / AL105,= AM105/ (K79- K105)

C2,21111001340054 ,RES ,HK-A,D3242541 ,04/11/2016,SOUTH COAST  ,TANG FUNG ST 1 ,17/10/2021,2/11/2021,22,B,23.7,255,2.95,Sea,5.838,5838000,22894,10/11/2021,ASP,INCL BAL22 ;EXCL BW2,?,246172,,440.9,,,,,,,,,,,,246172
C2,22011901870103 ,RES ,HK-A,D3242194 ,04/11/2016,SOUTH COAST  ,TANG FUNG ST 1 ,30/12/2021,30/12/2021,16,C,23.6,254,2.95,Sea,5.68,5680000,22362,19/1/2022,P-ASP,INCL BAL22 ;EXCL BW2,?,240452,,434.9,= Z107 / Z108 - 1,,,= 0 * 0.000000,= (M107- M108) *0.000000,nan,= (O107- O108) *0.000000,,nan,,= AA108+AD108+AE108+AF108+AG108+AH108,= X108 * (AK108+ 1),= (AL107- AL108) / AL108,= AM108/ (K107- K108)

C2,21121601330012 ,RES ,HK-A,D3242589 ,04/11/2016,SOUTH COAST  ,TANG FUNG ST 1 ,21/09/2021,8/10/2021,22,F,19.9,214,2.95,Graveyard,4.09,4090000,19112,16/12/2021,RE-ASP,INCL BAL22 ;STUDIO,?,205505,,443.8,,,,,,,,,,,,205505
C2,21092902081982 ,RES ,HK-A,D3242045 ,04/11/2016,SOUTH COAST  ,TANG FUNG ST 1 ,06/08/2021,3/9/2021,11,F,19.9,214,2.95,Graveyard,4.09,4090000,19112,29/9/2021,ASP,INCL BAL22 ;STUDIO,?,205505,,442.4,= Z110 / Z111 - 1,,,= 0 * 0.000000,= (M110- M111) *0.000000,nan,= (O110- O111) *0.000000,,nan,,= AA111+AD111+AE111+AF111+AG111+AH111,= X111 * (AK111+ 1),= (AL110- AL111) / AL111,= AM111/ (K110- K111)
C2,21082301080481 ,RES ,HK-A,D3242045 ,04/11/2016,SOUTH COAST  ,TANG FUNG ST 1 ,06/08/2021,6/8/2021,11,F,19.9,214,2.95,Graveyard,4.09,4090000,19112,23/8/2021,P-ASP,INCL BAL22 ;STUDIO,?,205505,,442.4,= Z110 / Z112 - 1,,,= 0 * 0.000000,= (M110- M112) *0.000000,nan,= (O110- O112) *0.000000,,nan,,= AA112+AD112+AE112+AF112+AG112+AH112,= X112 * (AK112+ 1),= (AL110- AL112) / AL112,= AM112/ (K110- K112)
D2,19041101500166 ,RES ,HK-A,D3241805 ,04/11/2016,SOUTH COAST  ,TANG FUNG ST 1 ,18/03/2019,1/4/2019,7,F,19.9,214,2.95,Graveyard,4,4000000,18692,11/4/2019,ASP,INCL BAL22 ;STUDIO,?,200989,,421.5,= Z110 / Z113 - 1,,,= 0 * 0.000000,= (M110- M113) *0.000000,nan,= (O110- O113) *0.000000,,nan,,= AA113+AD113+AE113+AF113+AG113+AH113,= X113 * (AK113+ 1),= (AL110- AL113) / AL113,= AM113/ (K110- K113)

C2,21102102000051 ,RES ,HK-A,D3242589 ,04/11/2016,SOUTH COAST  ,TANG FUNG ST 1 ,21/09/2021,8/10/2021,22,F,19.9,214,2.95,Graveyard,4.09,4090000,19112,21/10/2021,ASP,INCL BAL22 ;STUDIO,?,205505,,443.8,,,,,,,,,,,,205505
C2,21092902081982 ,RES ,HK-A,D3242045 ,04/11/2016,SOUTH COAST  ,TANG FUNG ST 1 ,06/08/2021,3/9/2021,11,F,19.9,214,2.95,Graveyard,4.09,4090000,19112,29/9/2021,ASP,INCL BAL22 ;STUDIO,?,205505,,442.4,= Z115 / Z116 - 1,,,= 0 * 0.000000,= (M115- M116) *0.000000,nan,= (O115- O116) *0.000000,,nan,,= AA116+AD116+AE116+AF116+AG116+AH116,= X116 * (AK116+ 1),= (AL115- AL116) / AL116,= AM116/ (K115- K116)

C2,21101800180107 ,RES ,HK-A,D3242659 ,04/11/2016,SOUTH COAST  ,TANG FUNG ST 1 ,19/09/2021,4/10/2021,25,A,44.4,478,2.95,Sea,8.97,8970000,18766,18/10/2021,ASP,INCL BAL22 ;EXCL BW2,?,201785,,382.7,,,,,,,,,,,,201785
C2,21111801210029 ,RES ,HK-A,D3243053 ,04/11/2016,SOUTH COAST  ,TANG FUNG ST 1 ,05/11/2021,5/11/2021,31,E,41.9,451,2.95,Sea,8.4,8400000,18625,18/11/2021,ASP,INCL BAL22; U PTM16 ;EXCL BW5,?,200269,,379.7,= Z118 / Z119 - 1,,,= 0 * 0.000000,= (M118- M119) *0.000000,nan,= (O118- O119) *0.000000,,nan,,= AA119+AD119+AE119+AF119+AG119+AH119,= X119 * (AK119+ 1),= (AL118- AL119) / AL119,= AM119/ (K118- K119)

C2,21101502590134 ,RES ,HK-A,D3242185 ,04/11/2016,SOUTH COAST  ,TANG FUNG ST 1 ,10/09/2021,23/9/2021,16,B,23.7,255,2.95,Sea,5.6,5600000,21961,15/10/2021,ASP,INCL BAL22 ;EXCL BW2,?,236140,,443.8,,,,,,,,,,,,236140
C2,21111801210029 ,RES ,HK-A,D3243053 ,04/11/2016,SOUTH COAST  ,TANG FUNG ST 1 ,05/11/2021,5/11/2021,31,E,41.9,451,2.95,Sea,8.4,8400000,18625,18/11/2021,ASP,INCL BAL22; U PTM16 ;EXCL BW5,?,200269,,379.7,= Z121 / Z122 - 1,,,= 0 * 0.000000,= (M121- M122) *0.000000,nan,= (O121- O122) *0.000000,,nan,,= AA122+AD122+AE122+AF122+AG122+AH122,= X122 * (AK122+ 1),= (AL121- AL122) / AL122,= AM122/ (K121- K122)
C2,20052200490032 ,RES ,HK-A,D3242676 ,04/11/2016,SOUTH COAST  ,TANG FUNG ST 1 ,01/05/2020,14/5/2020,25,C,23.6,254,2.95,Sea,5.45,5450000,21457,22/5/2020,ASP,INCL BAL22 ;EXCL BW2,?,230720,,428.9,= Z121 / Z123 - 1,,,= 0 * 0.000000,= (M121- M123) *0.000000,nan,= (O121- O123) *0.000000,,nan,,= AA123+AD123+AE123+AF123+AG123+AH123,= X123 * (AK123+ 1),= (AL121- AL123) / AL123,= AM123/ (K121- K123)

C2,21092902081982 ,RES ,HK-A,D3242045 ,04/11/2016,SOUTH COAST  ,TANG FUNG ST 1 ,06/08/2021,3/9/2021,11,F,19.9,214,2.95,Graveyard,4.09,4090000,19112,29/9/2021,ASP,INCL BAL22 ;STUDIO,?,205505,,442.4,,,,,,,,,,,,205505
C2,21121601330012 ,RES ,HK-A,D3242589 ,04/11/2016,SOUTH COAST  ,TANG FUNG ST 1 ,21/09/2021,8/10/2021,22,F,19.9,214,2.95,Graveyard,4.09,4090000,19112,16/12/2021,RE-ASP,INCL BAL22 ;STUDIO,?,205505,,443.8,= Z125 / Z126 - 1,,,= 0 * 0.000000,= (M125- M126) *0.000000,nan,= (O125- O126) *0.000000,,nan,,= AA126+AD126+AE126+AF126+AG126+AH126,= X126 * (AK126+ 1),= (AL125- AL126) / AL126,= AM126/ (K125- K126)
C2,21102102000051 ,RES ,HK-A,D3242589 ,04/11/2016,SOUTH COAST  ,TANG FUNG ST 1 ,21/09/2021,8/10/2021,22,F,19.9,214,2.95,Graveyard,4.09,4090000,19112,21/10/2021,ASP,INCL BAL22 ;STUDIO,?,205505,,443.8,= Z125 / Z127 - 1,,,= 0 * 0.000000,= (M125- M127) *0.000000,nan,= (O125- O127) *0.000000,,nan,,= AA127+AD127+AE127+AF127+AG127+AH127,= X127 * (AK127+ 1),= (AL125- AL127) / AL127,= AM127/ (K125- K127)
C2,21070800350062 ,RES ,HK-A,D3242888 ,04/11/2016,SOUTH COAST  ,TANG FUNG ST 1 ,16/06/2021,16/6/2021,28,F,19.9,214,2.95,Graveyard,4.15,4150000,19393,8/7/2021,P-ASP,INCL BAL22 ;STUDIO,?,208527,,435,= Z125 / Z128 - 1,,,= 0 * 0.000000,= (M125- M128) *0.000000,nan,= (O125- O128) *0.000000,,nan,,= AA128+AD128+AE128+AF128+AG128+AH128,= X128 * (AK128+ 1),= (AL125- AL128) / AL128,= AM128/ (K125- K128)
C2,20062901080063 ,RES ,HK-A,D3242525 ,04/11/2016,SOUTH COAST  ,TANG FUNG ST 1 ,28/05/2020,11/6/2020,21,F,19.9,214,2.95,Graveyard,4,4000000,18692,29/6/2020,ASP,INCL BAL22 ;STUDIO,?,200989,,428.9,= Z125 / Z129 - 1,,,= 0 * 0.000000,= (M125- M129) *0.000000,nan,= (O125- O129) *0.000000,,nan,,= AA129+AD129+AE129+AF129+AG129+AH129,= X129 * (AK129+ 1),= (AL125- AL129) / AL129,= AM129/ (K125- K129)

C2,21090200040010 ,RES ,HK-A,D3242748 ,04/11/2016,SOUTH COAST  ,TANG FUNG ST 1 ,12/08/2021,25/8/2021,26,D,23.6,254,2.95,Sea,5.88,5880000,23150,2/9/2021,ASP,INCL BAL22 ;EXCL BW2,?,248925,,442.4,,,,,,,,,,,,248925
C2,22011901870103 ,RES ,HK-A,D3242194 ,04/11/2016,SOUTH COAST  ,TANG FUNG ST 1 ,30/12/2021,30/12/2021,16,C,23.6,254,2.95,Sea,5.68,5680000,22362,19/1/2022,P-ASP,INCL BAL22 ;EXCL BW2,?,240452,,434.9,= Z131 / Z132 - 1,,,= 0 * 0.000000,= (M131- M132) *0.000000,nan,= (O131- O132) *0.000000,,nan,,= AA132+AD132+AE132+AF132+AG132+AH132,= X132 * (AK132+ 1),= (AL131- AL132) / AL132,= AM132/ (K131- K132)

C2,21090602160066 ,RES ,HK-A,D3242066 ,04/11/2016,SOUTH COAST  ,TANG FUNG ST 1 ,18/07/2021,20/8/2021,12,B,23.7,255,2.95,Sea,5.55,5550000,21765,6/9/2021,ASP,INCL BAL22 ;EXCL BW2,?,234032,,439.2,,,,,,,,,,,,234032
C2,21111801210029 ,RES ,HK-A,D3243053 ,04/11/2016,SOUTH COAST  ,TANG FUNG ST 1 ,05/11/2021,5/11/2021,31,E,41.9,451,2.95,Sea,8.4,8400000,18625,18/11/2021,ASP,INCL BAL22; U PTM16 ;EXCL BW5,?,200269,,379.7,= Z134 / Z135 - 1,,,= 0 * 0.000000,= (M134- M135) *0.000000,nan,= (O134- O135) *0.000000,,nan,,= AA135+AD135+AE135+AF135+AG135+AH135,= X135 * (AK135+ 1),= (AL134- AL135) / AL135,= AM135/ (K134- K135)

C2,21082301080481 ,RES ,HK-A,D3242045 ,04/11/2016,SOUTH COAST  ,TANG FUNG ST 1 ,06/08/2021,6/8/2021,11,F,19.9,214,2.95,Graveyard,4.09,4090000,19112,23/8/2021,P-ASP,INCL BAL22 ;STUDIO,?,205505,,442.4,,,,,,,,,,,,205505
C2,21121601330012 ,RES ,HK-A,D3242589 ,04/11/2016,SOUTH COAST  ,TANG FUNG ST 1 ,21/09/2021,8/10/2021,22,F,19.9,214,2.95,Graveyard,4.09,4090000,19112,16/12/2021,RE-ASP,INCL BAL22 ;STUDIO,?,205505,,443.8,= Z137 / Z138 - 1,,,= 0 * 0.000000,= (M137- M138) *0.000000,nan,= (O137- O138) *0.000000,,nan,,= AA138+AD138+AE138+AF138+AG138+AH138,= X138 * (AK138+ 1),= (AL137- AL138) / AL138,= AM138/ (K137- K138)

C2,21081001870043 ,RES ,HK-A,D3242066 ,04/11/2016,SOUTH COAST  ,TANG FUNG ST 1 ,18/07/2021,18/7/2021,12,B,23.7,255,2.95,Sea,5.55,5550000,21765,10/8/2021,P-ASP,INCL BAL22 ;EXCL BW2,?,234032,,439.2,,,,,,,,,,,,234032
C2,21111801210029 ,RES ,HK-A,D3243053 ,04/11/2016,SOUTH COAST  ,TANG FUNG ST 1 ,05/11/2021,5/11/2021,31,E,41.9,451,2.95,Sea,8.4,8400000,18625,18/11/2021,ASP,INCL BAL22; U PTM16 ;EXCL BW5,?,200269,,379.7,= Z140 / Z141 - 1,,,= 0 * 0.000000,= (M140- M141) *0.000000,nan,= (O140- O141) *0.000000,,nan,,= AA141+AD141+AE141+AF141+AG141+AH141,= X141 * (AK141+ 1),= (AL140- AL141) / AL141,= AM141/ (K140- K141)

C2,21072602460174 ,RES ,HK-A,D3242556 ,04/11/2016,SOUTH COAST  ,TANG FUNG ST 1 ,26/06/2021,9/7/2021,22,C,23.6,254,2.95,Sea,5.49,5490000,21614,26/7/2021,ASP,INCL BAL22 ;EXCL BW2,?,232409,,435,,,,,,,,,,,,232409
C2,21111801210029 ,RES ,HK-A,D3243053 ,04/11/2016,SOUTH COAST  ,TANG FUNG ST 1 ,05/11/2021,5/11/2021,31,E,41.9,451,2.95,Sea,8.4,8400000,18625,18/11/2021,ASP,INCL BAL22; U PTM16 ;EXCL BW5,?,200269,,379.7,= Z143 / Z144 - 1,,,= 0 * 0.000000,= (M143- M144) *0.000000,nan,= (O143- O144) *0.000000,,nan,,= AA144+AD144+AE144+AF144+AG144+AH144,= X144 * (AK144+ 1),= (AL143- AL144) / AL144,= AM144/ (K143- K144)

C2,21072001630033 ,RES ,HK-A,D3241579 ,04/11/2016,SOUTH COAST  ,TANG FUNG ST 1 ,22/06/2021,6/7/2021,3,A,42.4,456,2.95,Sea,7.95,7950000,17434,20/7/2021,ASP, EXCL BW2; FR47,?,187462,,381.2,,,,,,,,,,,,187462
C2,21111801210029 ,RES ,HK-A,D3243053 ,04/11/2016,SOUTH COAST  ,TANG FUNG ST 1 ,05/11/2021,5/11/2021,31,E,41.9,451,2.95,Sea,8.4,8400000,18625,18/11/2021,ASP,INCL BAL22; U PTM16 ;EXCL BW5,?,200269,,379.7,= Z146 / Z147 - 1,,,= 0 * 0.000000,= (M146- M147) *0.000000,nan,= (O146- O147) *0.000000,,nan,,= AA147+AD147+AE147+AF147+AG147+AH147,= X147 * (AK147+ 1),= (AL146- AL147) / AL147,= AM147/ (K146- K147)
C2,20042000020099 ,RES ,HK-A,D3242208 ,04/11/2016,SOUTH COAST  ,TANG FUNG ST 1 ,31/03/2020,15/4/2020,16,D,23.6,254,2.95,Sea,4.95,4950000,19488,20/4/2020,ASP,INCL BAL22 ;EXCL BW2,?,209548,,420.4,= Z146 / Z148 - 1,,,= 0 * 0.000000,= (M146- M148) *0.000000,nan,= (O146- O148) *0.000000,,nan,,= AA148+AD148+AE148+AF148+AG148+AH148,= X148 * (AK148+ 1),= (AL146- AL148) / AL148,= AM148/ (K146- K148)

C2,21070800350062 ,RES ,HK-A,D3242888 ,04/11/2016,SOUTH COAST  ,TANG FUNG ST 1 ,16/06/2021,16/6/2021,28,F,19.9,214,2.95,Graveyard,4.15,4150000,19393,8/7/2021,P-ASP,INCL BAL22 ;STUDIO,?,208527,,435,,,,,,,,,,,,208527
C2,21092902081982 ,RES ,HK-A,D3242045 ,04/11/2016,SOUTH COAST  ,TANG FUNG ST 1 ,06/08/2021,3/9/2021,11,F,19.9,214,2.95,Graveyard,4.09,4090000,19112,29/9/2021,ASP,INCL BAL22 ;STUDIO,?,205505,,442.4,= Z150 / Z151 - 1,,,= 0 * 0.000000,= (M150- M151) *0.000000,nan,= (O150- O151) *0.000000,,nan,,= AA151+AD151+AE151+AF151+AG151+AH151,= X151 * (AK151+ 1),= (AL150- AL151) / AL151,= AM151/ (K150- K151)
C2,20120200280076 ,RES ,HK-A,D3242102 ,04/11/2016,SOUTH COAST  ,TANG FUNG ST 1 ,07/11/2020,20/11/2020,12,F,19.9,214,2.95,Graveyard,4.13,4130000,19299,2/12/2020,ASP,INCL BAL22 ;STUDIO,?,207516,,423,= Z150 / Z152 - 1,,,= 0 * 0.000000,= (M150- M152) *0.000000,nan,= (O150- O152) *0.000000,,nan,,= AA152+AD152+AE152+AF152+AG152+AH152,= X152 * (AK152+ 1),= (AL150- AL152) / AL152,= AM152/ (K150- K152)
D2,19053001250034 ,RES ,HK-A,D3241987 ,04/11/2016,SOUTH COAST  ,TANG FUNG ST 1 ,29/04/2019,10/5/2019,10,F,19.9,214,2.95,Graveyard,4.26,4260000,19907,30/5/2019,ASP,INCL BAL22 ;STUDIO,?,214054,,437.5,= Z150 / Z153 - 1,,,= 0 * 0.000000,= (M150- M153) *0.000000,nan,= (O150- O153) *0.000000,,nan,,= AA153+AD153+AE153+AF153+AG153+AH153,= X153 * (AK153+ 1),= (AL150- AL153) / AL153,= AM153/ (K150- K153)

C2,21050701740104 ,RES ,HK-A,D3242750 ,04/11/2016,SOUTH COAST  ,TANG FUNG ST 1 ,12/04/2021,27/4/2021,26,E,41.9,451,2.95,Sea,8.3,8300000,18404,7/5/2021,ASP,INCL BAL22; U PTM16 ;EXCL BW5,?,197892,,376,,,,,,,,,,,,197892
C2,21111801210029 ,RES ,HK-A,D3243053 ,04/11/2016,SOUTH COAST  ,TANG FUNG ST 1 ,05/11/2021,5/11/2021,31,E,41.9,451,2.95,Sea,8.4,8400000,18625,18/11/2021,ASP,INCL BAL22; U PTM16 ;EXCL BW5,?,200269,,379.7,= Z155 / Z156 - 1,,,= 0 * 0.000000,= (M155- M156) *0.000000,nan,= (O155- O156) *0.000000,,nan,,= AA156+AD156+AE156+AF156+AG156+AH156,= X156 * (AK156+ 1),= (AL155- AL156) / AL156,= AM156/ (K155- K156)

C2,21042302730574 ,RES ,HK-A,D3241963 ,04/11/2016,SOUTH COAST  ,TANG FUNG ST 1 ,07/04/2021,20/4/2021,10,D,23.6,254,2.95,Sea,5.35,5350000,21063,23/4/2021,ASP,INCL BAL22 ;EXCL BW2,?,226484,,434.6,,,,,,,,,,,,226484
C2,21111801210029 ,RES ,HK-A,D3243053 ,04/11/2016,SOUTH COAST  ,TANG FUNG ST 1 ,05/11/2021,5/11/2021,31,E,41.9,451,2.95,Sea,8.4,8400000,18625,18/11/2021,ASP,INCL BAL22; U PTM16 ;EXCL BW5,?,200269,,379.7,= Z158 / Z159 - 1,,,= 0 * 0.000000,= (M158- M159) *0.000000,nan,= (O158- O159) *0.000000,,nan,,= AA159+AD159+AE159+AF159+AG159+AH159,= X159 * (AK159+ 1),= (AL158- AL159) / AL159,= AM159/ (K158- K159)

C2,21042802030145 ,RES ,HK-A,D3242003 ,04/11/2016,SOUTH COAST  ,TANG FUNG ST 1 ,05/04/2021,16/4/2021,11,B,23.7,255,2.95,Sea,5.5,5500000,21569,28/4/2021,ASP,INCL BAL22 ;EXCL BW2,?,231925,,434.6,,,,,,,,,,,,231925
C2,21111801210029 ,RES ,HK-A,D3243053 ,04/11/2016,SOUTH COAST  ,TANG FUNG ST 1 ,05/11/2021,5/11/2021,31,E,41.9,451,2.95,Sea,8.4,8400000,18625,18/11/2021,ASP,INCL BAL22; U PTM16 ;EXCL BW5,?,200269,,379.7,= Z161 / Z162 - 1,,,= 0 * 0.000000,= (M161- M162) *0.000000,nan,= (O161- O162) *0.000000,,nan,,= AA162+AD162+AE162+AF162+AG162+AH162,= X162 * (AK162+ 1),= (AL161- AL162) / AL162,= AM162/ (K161- K162)

C2,21042101190123 ,RES ,HK-A,D3242806 ,04/11/2016,SOUTH COAST  ,TANG FUNG ST 1 ,01/04/2021,14/4/2021,27,D,23.6,254,2.95,Sea,5.46,5460000,21496,21/4/2021,ASP,INCL BAL22 ;EXCL BW2,?,231140,,434.6,,,,,,,,,,,,231140
C2,21111801210029 ,RES ,HK-A,D3243053 ,04/11/2016,SOUTH COAST  ,TANG FUNG ST 1 ,05/11/2021,5/11/2021,31,E,41.9,451,2.95,Sea,8.4,8400000,18625,18/11/2021,ASP,INCL BAL22; U PTM16 ;EXCL BW5,?,200269,,379.7,= Z164 / Z165 - 1,,,= 0 * 0.000000,= (M164- M165) *0.000000,nan,= (O164- O165) *0.000000,,nan,,= AA165+AD165+AE165+AF165+AG165+AH165,= X165 * (AK165+ 1),= (AL164- AL165) / AL165,= AM165/ (K164- K165)

C2,21043001390017 ,RES ,HK-A,D3242512 ,04/11/2016,SOUTH COAST  ,TANG FUNG ST 1 ,29/03/2021,13/4/2021,21,E,41.9,451,2.95,Sea,8.16,8160000,18093,30/4/2021,ASP,INCL BAL22; U PTM16 ;EXCL BW5,?,194548,,373.2,,,,,,,,,,,,194548
C2,21111801210029 ,RES ,HK-A,D3243053 ,04/11/2016,SOUTH COAST  ,TANG FUNG ST 1 ,05/11/2021,5/11/2021,31,E,41.9,451,2.95,Sea,8.4,8400000,18625,18/11/2021,ASP,INCL BAL22; U PTM16 ;EXCL BW5,?,200269,,379.7,= Z167 / Z168 - 1,,,= 0 * 0.000000,= (M167- M168) *0.000000,nan,= (O167- O168) *0.000000,,nan,,= AA168+AD168+AE168+AF168+AG168+AH168,= X168 * (AK168+ 1),= (AL167- AL168) / AL168,= AM168/ (K167- K168)

C2,21022402240122 ,RES ,HK-A,D3241842 ,04/11/2016,SOUTH COAST  ,TANG FUNG ST 1 ,14/01/2021,27/1/2021,8,D,23.6,254,2.95,Sea,5.2,5200000,20472,24/2/2021,ASP,INCL BAL22 ;EXCL BW2,?,220129,,424.3,,,,,,,,,,,,220129
C2,21111801210029 ,RES ,HK-A,D3243053 ,04/11/2016,SOUTH COAST  ,TANG FUNG ST 1 ,05/11/2021,5/11/2021,31,E,41.9,451,2.95,Sea,8.4,8400000,18625,18/11/2021,ASP,INCL BAL22; U PTM16 ;EXCL BW5,?,200269,,379.7,= Z170 / Z171 - 1,,,= 0 * 0.000000,= (M170- M171) *0.000000,nan,= (O170- O171) *0.000000,,nan,,= AA171+AD171+AE171+AF171+AG171+AH171,= X171 * (AK171+ 1),= (AL170- AL171) / AL171,= AM171/ (K170- K171)

C2,21010601390089 ,RES ,HK-A,D3242615 ,04/11/2016,SOUTH COAST  ,TANG FUNG ST 1 ,17/12/2020,31/12/2020,23,C,23.6,254,2.95,Sea,5.33,5330000,20984,6/1/2021,ASP,INCL BAL22 ;EXCL BW2,?,225634,,422.6,,,,,,,,,,,,225634
C2,21111801210029 ,RES ,HK-A,D3243053 ,04/11/2016,SOUTH COAST  ,TANG FUNG ST 1 ,05/11/2021,5/11/2021,31,E,41.9,451,2.95,Sea,8.4,8400000,18625,18/11/2021,ASP,INCL BAL22; U PTM16 ;EXCL BW5,?,200269,,379.7,= Z173 / Z174 - 1,,,= 0 * 0.000000,= (M173- M174) *0.000000,nan,= (O173- O174) *0.000000,,nan,,= AA174+AD174+AE174+AF174+AG174+AH174,= X174 * (AK174+ 1),= (AL173- AL174) / AL174,= AM174/ (K173- K174)

C2,20120200280076 ,RES ,HK-A,D3242102 ,04/11/2016,SOUTH COAST  ,TANG FUNG ST 1 ,07/11/2020,20/11/2020,12,F,19.9,214,2.95,Graveyard,4.13,4130000,19299,2/12/2020,ASP,INCL BAL22 ;STUDIO,?,207516,,423,,,,,,,,,,,,207516
C2,21070800350062 ,RES ,HK-A,D3242888 ,04/11/2016,SOUTH COAST  ,TANG FUNG ST 1 ,16/06/2021,16/6/2021,28,F,19.9,214,2.95,Graveyard,4.15,4150000,19393,8/7/2021,P-ASP,INCL BAL22 ;STUDIO,?,208527,,435,= Z176 / Z177 - 1,,,= 0 * 0.000000,= (M176- M177) *0.000000,nan,= (O176- O177) *0.000000,,nan,,= AA177+AD177+AE177+AF177+AG177+AH177,= X177 * (AK177+ 1),= (AL176- AL177) / AL177,= AM177/ (K176- K177)

C2,20111100350115 ,RES ,HK-A,D3242084 ,04/11/2016,SOUTH COAST  ,TANG FUNG ST 1 ,14/10/2020,3/11/2020,12,D,23.6,254,2.95,Sea,5.205,5205000,20492,11/11/2020,ASP,INCL BAL22 ;EXCL BW2,?,220344,,423.9,,,,,,,,,,,,220344
C2,21111801210029 ,RES ,HK-A,D3243053 ,04/11/2016,SOUTH COAST  ,TANG FUNG ST 1 ,05/11/2021,5/11/2021,31,E,41.9,451,2.95,Sea,8.4,8400000,18625,18/11/2021,ASP,INCL BAL22; U PTM16 ;EXCL BW5,?,200269,,379.7,= Z179 / Z180 - 1,,,= 0 * 0.000000,= (M179- M180) *0.000000,nan,= (O179- O180) *0.000000,,nan,,= AA180+AD180+AE180+AF180+AG180+AH180,= X180 * (AK180+ 1),= (AL179- AL180) / AL180,= AM180/ (K179- K180)

C2,20111902160017 ,RES ,HK-A,D3242146 ,04/11/2016,SOUTH COAST  ,TANG FUNG ST 1 ,18/10/2020,30/10/2020,15,D,23.6,254,2.95,Sea,5.28,5280000,20787,19/11/2020,ASP,INCL BAL22 ;EXCL BW2,?,223516,,423.9,,,,,,,,,,,,223516
C2,21111801210029 ,RES ,HK-A,D3243053 ,04/11/2016,SOUTH COAST  ,TANG FUNG ST 1 ,05/11/2021,5/11/2021,31,E,41.9,451,2.95,Sea,8.4,8400000,18625,18/11/2021,ASP,INCL BAL22; U PTM16 ;EXCL BW5,?,200269,,379.7,= Z182 / Z183 - 1,,,= 0 * 0.000000,= (M182- M183) *0.000000,nan,= (O182- O183) *0.000000,,nan,,= AA183+AD183+AE183+AF183+AG183+AH183,= X183 * (AK183+ 1),= (AL182- AL183) / AL183,= AM183/ (K182- K183)

C2,20111101340017 ,RES ,HK-A,D3241881 ,04/11/2016,SOUTH COAST  ,TANG FUNG ST 1 ,17/10/2020,17/10/2020,9,B,23.7,255,2.95,Sea,5.3,5300000,20784,11/11/2020,P-ASP,INCL BAL22 ;EXCL BW2,?,223484,,423.9,,,,,,,,,,,,223484
C2,21111801210029 ,RES ,HK-A,D3243053 ,04/11/2016,SOUTH COAST  ,TANG FUNG ST 1 ,05/11/2021,5/11/2021,31,E,41.9,451,2.95,Sea,8.4,8400000,18625,18/11/2021,ASP,INCL BAL22; U PTM16 ;EXCL BW5,?,200269,,379.7,= Z185 / Z186 - 1,,,= 0 * 0.000000,= (M185- M186) *0.000000,nan,= (O185- O186) *0.000000,,nan,,= AA186+AD186+AE186+AF186+AG186+AH186,= X186 * (AK186+ 1),= (AL185- AL186) / AL186,= AM186/ (K185- K186)

C2,20110900280126 ,RES ,HK-A,D3242084 ,04/11/2016,SOUTH COAST  ,TANG FUNG ST 1 ,14/10/2020,14/10/2020,12,D,23.6,254,2.95,Sea,5.205,5205000,20492,9/11/2020,P-ASP,INCL BAL22 ;EXCL BW2,?,220344,,423.9,,,,,,,,,,,,220344
C2,21111801210029 ,RES ,HK-A,D3243053 ,04/11/2016,SOUTH COAST  ,TANG FUNG ST 1 ,05/11/2021,5/11/2021,31,E,41.9,451,2.95,Sea,8.4,8400000,18625,18/11/2021,ASP,INCL BAL22; U PTM16 ;EXCL BW5,?,200269,,379.7,= Z188 / Z189 - 1,,,= 0 * 0.000000,= (M188- M189) *0.000000,nan,= (O188- O189) *0.000000,,nan,,= AA189+AD189+AE189+AF189+AG189+AH189,= X189 * (AK189+ 1),= (AL188- AL189) / AL189,= AM189/ (K188- K189)

C2,20091500290075 ,RES ,HK-A,D3242929 ,04/11/2016,SOUTH COAST  ,TANG FUNG ST 1 ,21/08/2020,4/9/2020,29,D,23.6,254,2.95,Sea,5.38,5380000,21181,15/9/2020,ASP,INCL BAL22 ;EXCL BW2,?,227753,,423.9,,,,,,,,,,,,227753
C2,22011901870103 ,RES ,HK-A,D3242194 ,04/11/2016,SOUTH COAST  ,TANG FUNG ST 1 ,30/12/2021,30/12/2021,16,C,23.6,254,2.95,Sea,5.68,5680000,22362,19/1/2022,P-ASP,INCL BAL22 ;EXCL BW2,?,240452,,434.9,= Z191 / Z192 - 1,,,= 0 * 0.000000,= (M191- M192) *0.000000,nan,= (O191- O192) *0.000000,,nan,,= AA192+AD192+AE192+AF192+AG192+AH192,= X192 * (AK192+ 1),= (AL191- AL192) / AL192,= AM192/ (K191- K192)

C2,20090101410211 ,RES ,HK-A,D3241673 ,04/11/2016,SOUTH COAST  ,TANG FUNG ST 1 ,21/07/2020,25/8/2020,5,E,41.9,451,2.95,Sea,7.9,7900000,17517,1/9/2020,ASP,INCL BAL22; U PTM16 ;EXCL BW5,?,188355,,368.2,,,,,,,,,,,,188355
C2,21111801210029 ,RES ,HK-A,D3243053 ,04/11/2016,SOUTH COAST  ,TANG FUNG ST 1 ,05/11/2021,5/11/2021,31,E,41.9,451,2.95,Sea,8.4,8400000,18625,18/11/2021,ASP,INCL BAL22; U PTM16 ;EXCL BW5,?,200269,,379.7,= Z194 / Z195 - 1,,,= 0 * 0.000000,= (M194- M195) *0.000000,nan,= (O194- O195) *0.000000,,nan,,= AA195+AD195+AE195+AF195+AG195+AH195,= X195 * (AK195+ 1),= (AL194- AL195) / AL195,= AM195/ (K194- K195)

C2,20081701260152 ,RES ,HK-A,D3241673 ,04/11/2016,SOUTH COAST  ,TANG FUNG ST 1 ,21/07/2020,21/7/2020,5,E,41.9,451,2.95,Sea,7.9,7900000,17517,17/8/2020,P-ASP,INCL BAL22; U PTM16 ;EXCL BW5,?,188355,,368.2,,,,,,,,,,,,188355
C2,21111801210029 ,RES ,HK-A,D3243053 ,04/11/2016,SOUTH COAST  ,TANG FUNG ST 1 ,05/11/2021,5/11/2021,31,E,41.9,451,2.95,Sea,8.4,8400000,18625,18/11/2021,ASP,INCL BAL22; U PTM16 ;EXCL BW5,?,200269,,379.7,= Z197 / Z198 - 1,,,= 0 * 0.000000,= (M197- M198) *0.000000,nan,= (O197- O198) *0.000000,,nan,,= AA198+AD198+AE198+AF198+AG198+AH198,= X198 * (AK198+ 1),= (AL197- AL198) / AL198,= AM198/ (K197- K198)

C2,20062901080063 ,RES ,HK-A,D3242525 ,04/11/2016,SOUTH COAST  ,TANG FUNG ST 1 ,28/05/2020,11/6/2020,21,F,19.9,214,2.95,Graveyard,4,4000000,18692,29/6/2020,ASP,INCL BAL22 ;STUDIO,?,200989,,428.9,,,,,,,,,,,,200989
C2,21092902081982 ,RES ,HK-A,D3242045 ,04/11/2016,SOUTH COAST  ,TANG FUNG ST 1 ,06/08/2021,3/9/2021,11,F,19.9,214,2.95,Graveyard,4.09,4090000,19112,29/9/2021,ASP,INCL BAL22 ;STUDIO,?,205505,,442.4,= Z200 / Z201 - 1,,,= 0 * 0.000000,= (M200- M201) *0.000000,nan,= (O200- O201) *0.000000,,nan,,= AA201+AD201+AE201+AF201+AG201+AH201,= X201 * (AK201+ 1),= (AL200- AL201) / AL201,= AM201/ (K200- K201)

C2,20062200140142 ,RES ,HK-A,D3241944 ,04/11/2016,SOUTH COAST  ,TANG FUNG ST 1 ,20/05/2020,2/6/2020,10,B,23.7,255,2.95,Sea,5.35,5350000,20980,22/6/2020,ASP,INCL BAL22 ;EXCL BW2,?,225591,,428.9,,,,,,,,,,,,225591
C2,21111801210029 ,RES ,HK-A,D3243053 ,04/11/2016,SOUTH COAST  ,TANG FUNG ST 1 ,05/11/2021,5/11/2021,31,E,41.9,451,2.95,Sea,8.4,8400000,18625,18/11/2021,ASP,INCL BAL22; U PTM16 ;EXCL BW5,?,200269,,379.7,= Z203 / Z204 - 1,,,= 0 * 0.000000,= (M203- M204) *0.000000,nan,= (O203- O204) *0.000000,,nan,,= AA204+AD204+AE204+AF204+AG204+AH204,= X204 * (AK204+ 1),= (AL203- AL204) / AL204,= AM204/ (K203- K204)

C2,20061501610016 ,RES ,HK-A,D3241633 ,04/11/2016,SOUTH COAST  ,TANG FUNG ST 1 ,11/05/2020,18/5/2020,5,A,44.4,478,2.95,Sea,8,8000000,16736,15/6/2020,ASP,INCL BAL22 ;EXCL BW2,?,179957,,367.6,,,,,,,,,,,,179957
C2,21111801210029 ,RES ,HK-A,D3243053 ,04/11/2016,SOUTH COAST  ,TANG FUNG ST 1 ,05/11/2021,5/11/2021,31,E,41.9,451,2.95,Sea,8.4,8400000,18625,18/11/2021,ASP,INCL BAL22; U PTM16 ;EXCL BW5,?,200269,,379.7,= Z206 / Z207 - 1,,,= 0 * 0.000000,= (M206- M207) *0.000000,nan,= (O206- O207) *0.000000,,nan,,= AA207+AD207+AE207+AF207+AG207+AH207,= X207 * (AK207+ 1),= (AL206- AL207) / AL207,= AM207/ (K206- K207)

C2,20052200490032 ,RES ,HK-A,D3242676 ,04/11/2016,SOUTH COAST  ,TANG FUNG ST 1 ,01/05/2020,14/5/2020,25,C,23.6,254,2.95,Sea,5.45,5450000,21457,22/5/2020,ASP,INCL BAL22 ;EXCL BW2,?,230720,,428.9,,,,,,,,,,,,230720
C2,21101502590134 ,RES ,HK-A,D3242185 ,04/11/2016,SOUTH COAST  ,TANG FUNG ST 1 ,10/09/2021,23/9/2021,16,B,23.7,255,2.95,Sea,5.6,5600000,21961,15/10/2021,ASP,INCL BAL22 ;EXCL BW2,?,236140,,443.8,= Z209 / Z210 - 1,,,= 0 * 0.000000,= (M209- M210) *0.000000,nan,= (O209- O210) *0.000000,,nan,,= AA210+AD210+AE210+AF210+AG210+AH210,= X210 * (AK210+ 1),= (AL209- AL210) / AL210,= AM210/ (K209- K210)

C2,20050701550154 ,RES ,HK-A,D3242386 ,04/11/2016,SOUTH COAST  ,TANG FUNG ST 1 ,29/03/2020,29/4/2020,19,D,23.6,254,2.95,Sea,5.19,5190000,20433,7/5/2020,ASP,INCL BAL22 ;EXCL BW2,?,219710,,420.4,,,,,,,,,,,,219710
C2,21111801210029 ,RES ,HK-A,D3243053 ,04/11/2016,SOUTH COAST  ,TANG FUNG ST 1 ,05/11/2021,5/11/2021,31,E,41.9,451,2.95,Sea,8.4,8400000,18625,18/11/2021,ASP,INCL BAL22; U PTM16 ;EXCL BW5,?,200269,,379.7,= Z212 / Z213 - 1,,,= 0 * 0.000000,= (M212- M213) *0.000000,nan,= (O212- O213) *0.000000,,nan,,= AA213+AD213+AE213+AF213+AG213+AH213,= X213 * (AK213+ 1),= (AL212- AL213) / AL213,= AM213/ (K212- K213)

C2,20042000020099 ,RES ,HK-A,D3242208 ,04/11/2016,SOUTH COAST  ,TANG FUNG ST 1 ,31/03/2020,15/4/2020,16,D,23.6,254,2.95,Sea,4.95,4950000,19488,20/4/2020,ASP,INCL BAL22 ;EXCL BW2,?,209548,,420.4,,,,,,,,,,,,209548
C2,21072001630033 ,RES ,HK-A,D3241579 ,04/11/2016,SOUTH COAST  ,TANG FUNG ST 1 ,22/06/2021,6/7/2021,3,A,42.4,456,2.95,Sea,7.95,7950000,17434,20/7/2021,ASP, EXCL BW2; FR47,?,187462,,381.2,= Z215 / Z216 - 1,,,= 0 * 0.000000,= (M215- M216) *0.000000,nan,= (O215- O216) *0.000000,,nan,,= AA216+AD216+AE216+AF216+AG216+AH216,= X216 * (AK216+ 1),= (AL215- AL216) / AL216,= AM216/ (K215- K216)

C2,20041601490434 ,RES ,HK-A,D3242902 ,04/11/2016,SOUTH COAST  ,TANG FUNG ST 1 ,18/03/2020,31/3/2020,29,B,23.7,255,2.95,Sea,5.5,5500000,21569,16/4/2020,ASP,INCL BAL22 ;EXCL BW2,?,231925,,420.4,,,,,,,,,,,,231925
C2,22011901870103 ,RES ,HK-A,D3242194 ,04/11/2016,SOUTH COAST  ,TANG FUNG ST 1 ,30/12/2021,30/12/2021,16,C,23.6,254,2.95,Sea,5.68,5680000,22362,19/1/2022,P-ASP,INCL BAL22 ;EXCL BW2,?,240452,,434.9,= Z218 / Z219 - 1,,,= 0 * 0.000000,= (M218- M219) *0.000000,nan,= (O218- O219) *0.000000,,nan,,= AA219+AD219+AE219+AF219+AG219+AH219,= X219 * (AK219+ 1),= (AL218- AL219) / AL219,= AM219/ (K218- K219)

C2,20042001300110 ,RES ,HK-A,D3242386 ,04/11/2016,SOUTH COAST  ,TANG FUNG ST 1 ,29/03/2020,29/3/2020,19,D,23.6,254,2.95,Sea,5.19,5190000,20433,20/4/2020,P-ASP,INCL BAL22 ;EXCL BW2,?,219710,,420.4,,,,,,,,,,,,219710
C2,21111801210029 ,RES ,HK-A,D3243053 ,04/11/2016,SOUTH COAST  ,TANG FUNG ST 1 ,05/11/2021,5/11/2021,31,E,41.9,451,2.95,Sea,8.4,8400000,18625,18/11/2021,ASP,INCL BAL22; U PTM16 ;EXCL BW5,?,200269,,379.7,= Z221 / Z222 - 1,,,= 0 * 0.000000,= (M221- M222) *0.000000,nan,= (O221- O222) *0.000000,,nan,,= AA222+AD222+AE222+AF222+AG222+AH222,= X222 * (AK222+ 1),= (AL221- AL222) / AL222,= AM222/ (K221- K222)

C2,20041601150015 ,RES ,HK-A,D3242576 ,04/11/2016,SOUTH COAST  ,TANG FUNG ST 1 ,24/03/2020,24/3/2020,22,E,41.9,451,2.95,Sea,7.95,7950000,17627,16/4/2020,P-ASP,INCL BAL22; U PTM16 ;EXCL BW5,?,189538,,360.4,,,,,,,,,,,,189538
C2,21111801210029 ,RES ,HK-A,D3243053 ,04/11/2016,SOUTH COAST  ,TANG FUNG ST 1 ,05/11/2021,5/11/2021,31,E,41.9,451,2.95,Sea,8.4,8400000,18625,18/11/2021,ASP,INCL BAL22; U PTM16 ;EXCL BW5,?,200269,,379.7,= Z224 / Z225 - 1,,,= 0 * 0.000000,= (M224- M225) *0.000000,nan,= (O224- O225) *0.000000,,nan,,= AA225+AD225+AE225+AF225+AG225+AH225,= X225 * (AK225+ 1),= (AL224- AL225) / AL225,= AM225/ (K224- K225)

D2,19053001250034 ,RES ,HK-A,D3241987 ,04/11/2016,SOUTH COAST  ,TANG FUNG ST 1 ,29/04/2019,10/5/2019,10,F,19.9,214,2.95,Graveyard,4.26,4260000,19907,30/5/2019,ASP,INCL BAL22 ;STUDIO,?,214054,,437.5,,,,,,,,,,,,214054
C2,21070800350062 ,RES ,HK-A,D3242888 ,04/11/2016,SOUTH COAST  ,TANG FUNG ST 1 ,16/06/2021,16/6/2021,28,F,19.9,214,2.95,Graveyard,4.15,4150000,19393,8/7/2021,P-ASP,INCL BAL22 ;STUDIO,?,208527,,435,= Z227 / Z228 - 1,,,= 0 * 0.000000,= (M227- M228) *0.000000,nan,= (O227- O228) *0.000000,,nan,,= AA228+AD228+AE228+AF228+AG228+AH228,= X228 * (AK228+ 1),= (AL227- AL228) / AL228,= AM228/ (K227- K228)

D2,19052700690029 ,RES ,HK-A,D3242256 ,04/11/2016,SOUTH COAST  ,TANG FUNG ST 1 ,21/04/2019,6/5/2019,17,C,23.6,254,2.95,Sea,5.585,5585000,21988,27/5/2019,ASP,INCL BAL22 ;EXCL BW2,?,236430,,437.5,,,,,,,,,,,,236430
C2,21111801210029 ,RES ,HK-A,D3243053 ,04/11/2016,SOUTH COAST  ,TANG FUNG ST 1 ,05/11/2021,5/11/2021,31,E,41.9,451,2.95,Sea,8.4,8400000,18625,18/11/2021,ASP,INCL BAL22; U PTM16 ;EXCL BW5,?,200269,,379.7,= Z230 / Z231 - 1,,,= 0 * 0.000000,= (M230- M231) *0.000000,nan,= (O230- O231) *0.000000,,nan,,= AA231+AD231+AE231+AF231+AG231+AH231,= X231 * (AK231+ 1),= (AL230- AL231) / AL231,= AM231/ (K230- K231)

D2,19041700250036 ,RES ,HK-A,D3241775 ,04/11/2016,SOUTH COAST  ,TANG FUNG ST 1 ,25/03/2019,8/4/2019,7,C,23.6,254,2.95,Sea,5.35,5350000,21063,17/4/2019,ASP,INCL BAL22 ;EXCL BW2,?,226484,,421.5,,,,,,,,,,,,226484
C2,21111801210029 ,RES ,HK-A,D3243053 ,04/11/2016,SOUTH COAST  ,TANG FUNG ST 1 ,05/11/2021,5/11/2021,31,E,41.9,451,2.95,Sea,8.4,8400000,18625,18/11/2021,ASP,INCL BAL22; U PTM16 ;EXCL BW5,?,200269,,379.7,= Z233 / Z234 - 1,,,= 0 * 0.000000,= (M233- M234) *0.000000,nan,= (O233- O234) *0.000000,,nan,,= AA234+AD234+AE234+AF234+AG234+AH234,= X234 * (AK234+ 1),= (AL233- AL234) / AL234,= AM234/ (K233- K234)

D2,19041101500166 ,RES ,HK-A,D3241805 ,04/11/2016,SOUTH COAST  ,TANG FUNG ST 1 ,18/03/2019,1/4/2019,7,F,19.9,214,2.95,Graveyard,4,4000000,18692,11/4/2019,ASP,INCL BAL22 ;STUDIO,?,200989,,421.5,,,,,,,,,,,,200989
C2,21121601330012 ,RES ,HK-A,D3242589 ,04/11/2016,SOUTH COAST  ,TANG FUNG ST 1 ,21/09/2021,8/10/2021,22,F,19.9,214,2.95,Graveyard,4.09,4090000,19112,16/12/2021,RE-ASP,INCL BAL22 ;STUDIO,?,205505,,443.8,= Z236 / Z237 - 1,,,= 0 * 0.000000,= (M236- M237) *0.000000,nan,= (O236- O237) *0.000000,,nan,,= AA237+AD237+AE237+AF237+AG237+AH237,= X237 * (AK237+ 1),= (AL236- AL237) / AL237,= AM237/ (K236- K237)

D2,18020700790083 ,RES ,HK-A,D3242537 ,04/11/2016,SOUTH COAST  ,TANG FUNG ST 1 ,30/12/2017,8/1/2018,22,A,44.4,478,2.95,Sea,9.402,9402000,19669,7/2/2018,ASP,INCL BAL22 ;EXCL BW2,?,211495,,334.8,,,,,,,,,,,,211495
D2,17092701090518 ,RES ,HK-A,D3242776 ,04/11/2016,SOUTH COAST  ,TANG FUNG ST 1 ,29/08/2017,4/9/2017,27,A,44.4,478,2.95,Sea,9.138,9138000,19117,27/9/2017,ASP,INCL BAL22 ;EXCL BW2,?,205559,,323.3,= Z239 / Z240 - 1,,,= 0 * 0.000000,= (M239- M240) *0.000000,nan,= (O239- O240) *0.000000,,nan,,= AA240+AD240+AE240+AF240+AG240+AH240,= X240 * (AK240+ 1),= (AL239- AL240) / AL240,= AM240/ (K239- K240)

D2,18011900670031 ,RES ,HK-A,D3243015 ,04/11/2016,SOUTH COAST  ,TANG FUNG ST 1 ,18/12/2017,27/12/2017,31,A,44.4,478,2.95,Sea,10.095,10095000,21119,19/1/2018,ASP,INCL BAL22 ;EXCL BW2,?,227086,,334.8,,,,,,,,,,,,227086
D2,17061600700078 ,RES ,HK-A,D3242714 ,04/11/2016,SOUTH COAST  ,TANG FUNG ST 1 ,14/05/2017,19/5/2017,26,A,44.4,478,2.95,Sea,9.502,9502000,19879,16/6/2017,ASP,INCL BAL22 ;EXCL BW2,?,213753,,318.1,= Z242 / Z243 - 1,,,= 0 * 0.000000,= (M242- M243) *0.000000,nan,= (O242- O243) *0.000000,,nan,,= AA243+AD243+AE243+AF243+AG243+AH243,= X243 * (AK243+ 1),= (AL242- AL243) / AL243,= AM243/ (K242- K243)

D2,17092701090518 ,RES ,HK-A,D3242776 ,04/11/2016,SOUTH COAST  ,TANG FUNG ST 1 ,29/08/2017,4/9/2017,27,A,44.4,478,2.95,Sea,9.138,9138000,19117,27/9/2017,ASP,INCL BAL22 ;EXCL BW2,?,205559,,323.3,,,,,,,,,,,,205559
D2,18020700790083 ,RES ,HK-A,D3242537 ,04/11/2016,SOUTH COAST  ,TANG FUNG ST 1 ,30/12/2017,8/1/2018,22,A,44.4,478,2.95,Sea,9.402,9402000,19669,7/2/2018,ASP,INCL BAL22 ;EXCL BW2,?,211495,,334.8,= Z245 / Z246 - 1,,,= 0 * 0.000000,= (M245- M246) *0.000000,nan,= (O245- O246) *0.000000,,nan,,= AA246+AD246+AE246+AF246+AG246+AH246,= X246 * (AK246+ 1),= (AL245- AL246) / AL246,= AM246/ (K245- K246)

D2,17061600700078 ,RES ,HK-A,D3242714 ,04/11/2016,SOUTH COAST  ,TANG FUNG ST 1 ,14/05/2017,19/5/2017,26,A,44.4,478,2.95,Sea,9.502,9502000,19879,16/6/2017,ASP,INCL BAL22 ;EXCL BW2,?,213753,,318.1,,,,,,,,,,,,213753
D2,18011900670031 ,RES ,HK-A,D3243015 ,04/11/2016,SOUTH COAST  ,TANG FUNG ST 1 ,18/12/2017,27/12/2017,31,A,44.4,478,2.95,Sea,10.095,10095000,21119,19/1/2018,ASP,INCL BAL22 ;EXCL BW2,?,227086,,334.8,= Z248 / Z249 - 1,,,= 0 * 0.000000,= (M248- M249) *0.000000,nan,= (O248- O249) *0.000000,,nan,,= AA249+AD249+AE249+AF249+AG249+AH249,= X249 * (AK249+ 1),= (AL248- AL249) / AL249,= AM249/ (K248- K249)
